,Country,Region,Happiness Rank,Happiness Score,Standard Error,Economy (GDP per Capita),Family,Health (Life Expectancy),Freedom,Trust (Government Corruption),Generosity,Dystopia Residual,year
0,Switzerland,Western Europe,1,7.587,0.03411,1.39651,1.34951,0.94143,0.66557,0.41978,0.29678,2.51738,2015
1,Iceland,Western Europe,2,7.561,0.04884,1.30232,1.40223,0.94784,0.62877,0.14145,0.4363,2.70201,2015
2,Denmark,Western Europe,3,7.527,0.03328,1.32548,1.36058,0.87464,0.64938,0.48357,0.34139,2.49204,2015
3,Norway,Western Europe,4,7.522,0.0388,1.459,1.33095,0.88521,0.66973,0.36503,0.34699,2.46531,2015
4,Canada,North America,5,7.427,0.03553,1.32629,1.32261,0.90563,0.63297,0.32957,0.45811,2.45176,2015
5,Finland,Western Europe,6,7.406,0.0314,1.29025,1.31826,0.88911,0.64169,0.41372,0.23351,2.61955,2015
6,Netherlands,Western Europe,7,7.378,0.02799,1.32944,1.28017,0.89284,0.61576,0.31814,0.4761,2.4657,2015
7,Sweden,Western Europe,8,7.364,0.03157,1.33171,1.28907,0.91087,0.6598,0.43844,0.36262,2.37119,2015
8,New Zealand,Australia and New Zealand,9,7.286,0.03371,1.25018,1.31967,0.90837,0.63938,0.42922,0.47501,2.26425,2015
9,Australia,Australia and New Zealand,10,7.284,0.04083,1.33358,1.30923,0.93156,0.65124,0.35637,0.43562,2.26646,2015
10,Israel,Middle East and Northern Africa,11,7.278,0.0347,1.22857,1.22393,0.91387,0.41319,0.07785,0.33172,3.08854,2015
11,Costa Rica,Latin America and Caribbean,12,7.226,0.04454,0.95578,1.23788,0.86027,0.63376,0.10583,0.25497,3.17728,2015
12,Austria,Western Europe,13,7.2,0.03751,1.33723,1.29704,0.89042,0.62433,0.18676,0.33088,2.5332,2015
13,Mexico,Latin America and Caribbean,14,7.187,0.04176,1.02054,0.91451,0.81444,0.48181,0.21312,0.14074,3.60214,2015
14,United States,North America,15,7.119,0.03839,1.39451,1.24711,0.86179,0.54604,0.1589,0.40105,2.51011,2015
15,Brazil,Latin America and Caribbean,16,6.983,0.04076,0.98124,1.23287,0.69702,0.49049,0.17521,0.14574,3.26001,2015
16,Luxembourg,Western Europe,17,6.946,0.03499,1.56391,1.21963,0.91894,0.61583,0.37798,0.28034,1.96961,2015
17,Ireland,Western Europe,18,6.94,0.03676,1.33596,1.36948,0.89533,0.61777,0.28703,0.45901,1.9757,2015
18,Belgium,Western Europe,19,6.937,0.03595,1.30782,1.28566,0.89667,0.5845,0.2254,0.2225,2.41484,2015
19,United Arab Emirates,Middle East and Northern Africa,20,6.901,0.03729,1.42727,1.12575,0.80925,0.64157,0.38583,0.26428,2.24743,2015
20,United Kingdom,Western Europe,21,6.867,0.01866,1.26637,1.28548,0.90943,0.59625,0.32067,0.51912,1.96994,2015
21,Oman,Middle East and Northern Africa,22,6.853,0.05335,1.36011,1.08182,0.76276,0.63274,0.32524,0.21542,2.47489,2015
22,Venezuela,Latin America and Caribbean,23,6.81,0.06476,1.04424,1.25596,0.72052,0.42908,0.11069,0.05841,3.19131,2015
23,Singapore,Southeastern Asia,24,6.798,0.0378,1.52186,1.02,1.02525,0.54252,0.4921,0.31105,1.88501,2015
24,Panama,Latin America and Caribbean,25,6.786,0.0491,1.06353,1.1985,0.79661,0.5421,0.0927,0.24434,2.84848,2015
25,Germany,Western Europe,26,6.75,0.01848,1.32792,1.29937,0.89186,0.61477,0.21843,0.28214,2.11569,2015
26,Chile,Latin America and Caribbean,27,6.67,0.058,1.10715,1.12447,0.85857,0.44132,0.12869,0.33363,2.67585,2015
27,Qatar,Middle East and Northern Africa,28,6.611,0.06257,1.69042,1.0786,0.79733,0.6404,0.52208,0.32573,1.55674,2015
28,France,Western Europe,29,6.575,0.03512,1.27778,1.26038,0.94579,0.55011,0.20646,0.12332,2.21126,2015
29,Argentina,Latin America and Caribbean,30,6.574,0.04612,1.05351,1.24823,0.78723,0.44974,0.08484,0.11451,2.836,2015
30,Czech Republic,Central and Eastern Europe,31,6.505,0.04168,1.17898,1.20643,0.84483,0.46364,0.02652,0.10686,2.67782,2015
31,Uruguay,Latin America and Caribbean,32,6.485,0.04539,1.06166,1.2089,0.8116,0.60362,0.24558,0.2324,2.32142,2015
32,Colombia,Latin America and Caribbean,33,6.477,0.05051,0.91861,1.24018,0.69077,0.53466,0.0512,0.18401,2.85737,2015
33,Thailand,Southeastern Asia,34,6.455,0.03557,0.9669,1.26504,0.7385,0.55664,0.03187,0.5763,2.31945,2015
34,Saudi Arabia,Middle East and Northern Africa,35,6.411,0.04633,1.39541,1.08393,0.72025,0.31048,0.32524,0.13706,2.43872,2015
35,Spain,Western Europe,36,6.329,0.03468,1.23011,1.31379,0.95562,0.45951,0.06398,0.18227,2.12367,2015
36,Malta,Western Europe,37,6.302,0.04206,1.2074,1.30203,0.88721,0.60365,0.13586,0.51752,1.6488,2015
37,Taiwan,Eastern Asia,38,6.298,0.03868,1.29098,1.07617,0.8753,0.3974,0.08129,0.25376,2.32323,2015
38,Kuwait,Middle East and Northern Africa,39,6.295,0.04456,1.55422,1.16594,0.72492,0.55499,0.25609,0.16228,1.87634,2015
39,Suriname,Latin America and Caribbean,40,6.269,0.09811,0.99534,0.972,0.6082,0.59657,0.13633,0.16991,2.79094,2015
40,Trinidad and Tobago,Latin America and Caribbean,41,6.168,0.10895,1.21183,1.18354,0.61483,0.55884,0.0114,0.31844,2.26882,2015
41,El Salvador,Latin America and Caribbean,42,6.13,0.05618,0.76454,1.02507,0.67737,0.4035,0.11776,0.10692,3.035,2015
42,Guatemala,Latin America and Caribbean,43,6.123,0.05224,0.74553,1.04356,0.64425,0.57733,0.09472,0.27489,2.74255,2015
43,Uzbekistan,Central and Eastern Europe,44,6.003,0.04361,0.63244,1.34043,0.59772,0.65821,0.30826,0.22837,2.23741,2015
44,Slovakia,Central and Eastern Europe,45,5.995,0.04267,1.16891,1.26999,0.78902,0.31751,0.03431,0.16893,2.24639,2015
45,Japan,Eastern Asia,46,5.987,0.03581,1.27074,1.25712,0.99111,0.49615,0.1806,0.10705,1.68435,2015
46,South Korea,Eastern Asia,47,5.984,0.04098,1.24461,0.95774,0.96538,0.33208,0.07857,0.18557,2.21978,2015
47,Ecuador,Latin America and Caribbean,48,5.975,0.04528,0.86402,0.99903,0.79075,0.48574,0.1809,0.11541,2.53942,2015
48,Bahrain,Middle East and Northern Africa,49,5.96,0.05412,1.32376,1.21624,0.74716,0.45492,0.306,0.17362,1.73797,2015
49,Italy,Western Europe,50,5.948,0.03914,1.25114,1.19777,0.95446,0.26236,0.02901,0.22823,2.02518,2015
50,Bolivia,Latin America and Caribbean,51,5.89,0.05642,0.68133,0.97841,0.5392,0.57414,0.088,0.20536,2.82334,2015
51,Moldova,Central and Eastern Europe,52,5.889,0.03799,0.59448,1.01528,0.61826,0.32818,0.01615,0.20951,3.10712,2015
52,Paraguay,Latin America and Caribbean,53,5.878,0.04563,0.75985,1.30477,0.66098,0.53899,0.08242,0.3424,2.18896,2015
53,Kazakhstan,Central and Eastern Europe,54,5.855,0.04114,1.12254,1.12241,0.64368,0.51649,0.08454,0.11827,2.24729,2015
54,Slovenia,Central and Eastern Europe,55,5.848,0.04251,1.18498,1.27385,0.87337,0.60855,0.03787,0.25328,1.61583,2015
55,Lithuania,Central and Eastern Europe,56,5.833,0.03843,1.14723,1.25745,0.73128,0.21342,0.01031,0.02641,2.44649,2015
56,Nicaragua,Latin America and Caribbean,57,5.828,0.05371,0.59325,1.14184,0.74314,0.55475,0.19317,0.27815,2.32407,2015
57,Peru,Latin America and Caribbean,58,5.824,0.04615,0.90019,0.97459,0.73017,0.41496,0.05989,0.14982,2.5945,2015
58,Belarus,Central and Eastern Europe,59,5.813,0.03938,1.03192,1.23289,0.73608,0.37938,0.1909,0.11046,2.1309,2015
59,Poland,Central and Eastern Europe,60,5.791,0.04263,1.12555,1.27948,0.77903,0.53122,0.04212,0.16759,1.86565,2015
60,Malaysia,Southeastern Asia,61,5.77,0.0433,1.12486,1.07023,0.72394,0.53024,0.10501,0.33075,1.88541,2015
61,Croatia,Central and Eastern Europe,62,5.759,0.04394,1.08254,0.79624,0.78805,0.25883,0.0243,0.05444,2.75414,2015
62,Libya,Middle East and Northern Africa,63,5.754,0.07832,1.13145,1.11862,0.7038,0.41668,0.11023,0.18295,2.09066,2015
63,Russia,Central and Eastern Europe,64,5.716,0.03135,1.13764,1.23617,0.66926,0.36679,0.03005,0.00199,2.27394,2015
64,Jamaica,Latin America and Caribbean,65,5.709,0.13693,0.81038,1.15102,0.68741,0.50442,0.02299,0.2123,2.32038,2015
65,North Cyprus,Western Europe,66,5.695,0.05635,1.20806,1.07008,0.92356,0.49027,0.1428,0.26169,1.59888,2015
66,Cyprus,Western Europe,67,5.689,0.0558,1.20813,0.89318,0.92356,0.40672,0.06146,0.30638,1.88931,2015
67,Algeria,Middle East and Northern Africa,68,5.605,0.05099,0.93929,1.07772,0.61766,0.28579,0.17383,0.07822,2.43209,2015
68,Kosovo,Central and Eastern Europe,69,5.589,0.05018,0.80148,0.81198,0.63132,0.24749,0.04741,0.2831,2.76579,2015
69,Turkmenistan,Central and Eastern Europe,70,5.548,0.04175,0.95847,1.22668,0.53886,0.4761,0.30844,0.16979,1.86984,2015
70,Mauritius,Sub-Saharan Africa,71,5.477,0.07197,1.00761,0.98521,0.7095,0.56066,0.07521,0.37744,1.76145,2015
71,Hong Kong,Eastern Asia,72,5.474,0.05051,1.38604,1.05818,1.01328,0.59608,0.37124,0.39478,0.65429,2015
72,Estonia,Central and Eastern Europe,73,5.429,0.04013,1.15174,1.22791,0.77361,0.44888,0.15184,0.0868,1.58782,2015
73,Indonesia,Southeastern Asia,74,5.399,0.02596,0.82827,1.08708,0.63793,0.46611,0,0.51535,1.86399,2015
74,Vietnam,Southeastern Asia,75,5.36,0.03107,0.63216,0.91226,0.74676,0.59444,0.10441,0.1686,2.20173,2015
75,Turkey,Middle East and Northern Africa,76,5.332,0.03864,1.06098,0.94632,0.73172,0.22815,0.15746,0.12253,2.08528,2015
76,Kyrgyzstan,Central and Eastern Europe,77,5.286,0.03823,0.47428,1.15115,0.65088,0.43477,0.04232,0.3003,2.2327,2015
77,Nigeria,Sub-Saharan Africa,78,5.268,0.04192,0.65435,0.90432,0.16007,0.34334,0.0403,0.27233,2.89319,2015
78,Bhutan,Southern Asia,79,5.253,0.03225,0.77042,1.10395,0.57407,0.53206,0.15445,0.47998,1.63794,2015
79,Azerbaijan,Central and Eastern Europe,80,5.212,0.03363,1.02389,0.93793,0.64045,0.3703,0.16065,0.07799,2.00073,2015
80,Pakistan,Southern Asia,81,5.194,0.03726,0.59543,0.41411,0.51466,0.12102,0.10464,0.33671,3.10709,2015
81,Jordan,Middle East and Northern Africa,82,5.192,0.04524,0.90198,1.05392,0.69639,0.40661,0.14293,0.11053,1.87996,2015
82,Montenegro,Central and Eastern Europe,82,5.192,0.05235,0.97438,0.90557,0.72521,0.1826,0.14296,0.1614,2.10017,2015
83,China,Eastern Asia,84,5.14,0.02424,0.89012,0.94675,0.81658,0.51697,0.02781,0.08185,1.8604,2015
84,Zambia,Sub-Saharan Africa,85,5.129,0.06988,0.47038,0.91612,0.29924,0.48827,0.12468,0.19591,2.6343,2015
85,Romania,Central and Eastern Europe,86,5.124,0.06607,1.04345,0.88588,0.7689,0.35068,0.00649,0.13748,1.93129,2015
86,Serbia,Central and Eastern Europe,87,5.123,0.04864,0.92053,1.00964,0.74836,0.20107,0.02617,0.19231,2.025,2015
87,Portugal,Western Europe,88,5.102,0.04802,1.15991,1.13935,0.87519,0.51469,0.01078,0.13719,1.26462,2015
88,Latvia,Central and Eastern Europe,89,5.098,0.0464,1.11312,1.09562,0.72437,0.29671,0.06332,0.18226,1.62215,2015
89,Philippines,Southeastern Asia,90,5.073,0.04934,0.70532,1.03516,0.58114,0.62545,0.12279,0.24991,1.7536,2015
90,Somaliland region,Sub-Saharan Africa,91,5.057,0.06161,0.18847,0.95152,0.43873,0.46582,0.39928,0.50318,2.11032,2015
91,Morocco,Middle East and Northern Africa,92,5.013,0.0342,0.73479,0.64095,0.60954,0.41691,0.08546,0.07172,2.45373,2015
92,Macedonia,Central and Eastern Europe,93,5.007,0.05376,0.91851,1.00232,0.73545,0.33457,0.05327,0.22359,1.73933,2015
93,Mozambique,Sub-Saharan Africa,94,4.971,0.07896,0.08308,1.02626,0.09131,0.34037,0.15603,0.22269,3.05137,2015
94,Albania,Central and Eastern Europe,95,4.959,0.05013,0.87867,0.80434,0.81325,0.35733,0.06413,0.14272,1.89894,2015
95,Bosnia and Herzegovina,Central and Eastern Europe,96,4.949,0.06913,0.83223,0.91916,0.79081,0.09245,0.00227,0.24808,2.06367,2015
96,Lesotho,Sub-Saharan Africa,97,4.898,0.09438,0.37545,1.04103,0.07612,0.31767,0.12504,0.16388,2.79832,2015
97,Dominican Republic,Latin America and Caribbean,98,4.885,0.07446,0.89537,1.17202,0.66825,0.57672,0.14234,0.21684,1.21305,2015
98,Laos,Southeastern Asia,99,4.876,0.06698,0.59066,0.73803,0.54909,0.59591,0.24249,0.42192,1.73799,2015
99,Mongolia,Eastern Asia,100,4.874,0.03313,0.82819,1.3006,0.60268,0.43626,0.02666,0.3323,1.34759,2015
100,Swaziland,Sub-Saharan Africa,101,4.867,0.08742,0.71206,1.07284,0.07566,0.30658,0.0306,0.18259,2.48676,2015
101,Greece,Western Europe,102,4.857,0.05062,1.15406,0.92933,0.88213,0.07699,0.01397,0,1.80101,2015
102,Lebanon,Middle East and Northern Africa,103,4.839,0.04337,1.02564,0.80001,0.83947,0.33916,0.04582,0.21854,1.57059,2015
103,Hungary,Central and Eastern Europe,104,4.8,0.06107,1.12094,1.20215,0.75905,0.32112,0.02758,0.128,1.24074,2015
104,Honduras,Latin America and Caribbean,105,4.788,0.05648,0.59532,0.95348,0.6951,0.40148,0.06825,0.23027,1.84408,2015
105,Tajikistan,Central and Eastern Europe,106,4.786,0.03198,0.39047,0.85563,0.57379,0.47216,0.15072,0.22974,2.11399,2015
106,Tunisia,Middle East and Northern Africa,107,4.739,0.03589,0.88113,0.60429,0.73793,0.26268,0.06358,0.06431,2.12466,2015
107,Palestinian Territories,Middle East and Northern Africa,108,4.715,0.04394,0.59867,0.92558,0.66015,0.24499,0.12905,0.11251,2.04384,2015
108,Bangladesh,Southern Asia,109,4.694,0.03077,0.39753,0.43106,0.60164,0.4082,0.12569,0.21222,2.51767,2015
109,Iran,Middle East and Northern Africa,110,4.686,0.04449,1.0088,0.54447,0.69805,0.30033,0.05863,0.38086,1.6944,2015
110,Ukraine,Central and Eastern Europe,111,4.681,0.04412,0.79907,1.20278,0.6739,0.25123,0.02961,0.15275,1.5714,2015
111,Iraq,Middle East and Northern Africa,112,4.677,0.05232,0.98549,0.81889,0.60237,0,0.13788,0.17922,1.95335,2015
112,South Africa,Sub-Saharan Africa,113,4.642,0.04585,0.92049,1.18468,0.27688,0.33207,0.08884,0.11973,1.71956,2015
113,Ghana,Sub-Saharan Africa,114,4.633,0.04742,0.54558,0.67954,0.40132,0.42342,0.04355,0.23087,2.30919,2015
114,Zimbabwe,Sub-Saharan Africa,115,4.61,0.0429,0.271,1.03276,0.33475,0.25861,0.08079,0.18987,2.44191,2015
115,Liberia,Sub-Saharan Africa,116,4.571,0.11068,0.0712,0.78968,0.34201,0.28531,0.06232,0.24362,2.77729,2015
116,India,Southern Asia,117,4.565,0.02043,0.64499,0.38174,0.51529,0.39786,0.08492,0.26475,2.27513,2015
117,Sudan,Sub-Saharan Africa,118,4.55,0.0674,0.52107,1.01404,0.36878,0.10081,0.1466,0.19062,2.20857,2015
118,Haiti,Latin America and Caribbean,119,4.518,0.07331,0.26673,0.74302,0.38847,0.24425,0.17175,0.46187,2.24173,2015
119,Congo (Kinshasa),Sub-Saharan Africa,120,4.517,0.0368,0,1.0012,0.09806,0.22605,0.07625,0.24834,2.86712,2015
120,Nepal,Southern Asia,121,4.514,0.03607,0.35997,0.86449,0.56874,0.38282,0.05907,0.32296,1.95637,2015
121,Ethiopia,Sub-Saharan Africa,122,4.512,0.0378,0.19073,0.60406,0.44055,0.4345,0.15048,0.24325,2.44876,2015
122,Sierra Leone,Sub-Saharan Africa,123,4.507,0.07068,0.33024,0.95571,0,0.4084,0.08786,0.21488,2.51009,2015
123,Mauritania,Sub-Saharan Africa,124,4.436,0.03947,0.45407,0.86908,0.35874,0.24232,0.17461,0.219,2.11773,2015
124,Kenya,Sub-Saharan Africa,125,4.419,0.04734,0.36471,0.99876,0.41435,0.42215,0.05839,0.37542,1.78555,2015
125,Djibouti,Sub-Saharan Africa,126,4.369,0.08096,0.44025,0.59207,0.36291,0.46074,0.28105,0.18093,2.05125,2015
126,Armenia,Central and Eastern Europe,127,4.35,0.04763,0.76821,0.77711,0.7299,0.19847,0.039,0.07855,1.75873,2015
127,Botswana,Sub-Saharan Africa,128,4.332,0.04934,0.99355,1.10464,0.04776,0.49495,0.12474,0.10461,1.46181,2015
128,Myanmar,Southeastern Asia,129,4.307,0.04351,0.27108,0.70905,0.48246,0.44017,0.19034,0.79588,1.41805,2015
129,Georgia,Central and Eastern Europe,130,4.297,0.04221,0.7419,0.38562,0.72926,0.40577,0.38331,0.05547,1.59541,2015
130,Malawi,Sub-Saharan Africa,131,4.292,0.0613,0.01604,0.41134,0.22562,0.43054,0.06977,0.33128,2.80791,2015
131,Sri Lanka,Southern Asia,132,4.271,0.03751,0.83524,1.01905,0.70806,0.53726,0.09179,0.40828,0.67108,2015
132,Cameroon,Sub-Saharan Africa,133,4.252,0.04678,0.4225,0.88767,0.23402,0.49309,0.05786,0.20618,1.95071,2015
133,Bulgaria,Central and Eastern Europe,134,4.218,0.04828,1.01216,1.10614,0.76649,0.30587,0.00872,0.11921,0.89991,2015
134,Egypt,Middle East and Northern Africa,135,4.194,0.0326,0.8818,0.747,0.61712,0.17288,0.06324,0.11291,1.59927,2015
135,Yemen,Middle East and Northern Africa,136,4.077,0.04367,0.54649,0.68093,0.40064,0.35571,0.07854,0.09131,1.92313,2015
136,Angola,Sub-Saharan Africa,137,4.033,0.04758,0.75778,0.8604,0.16683,0.10384,0.07122,0.12344,1.94939,2015
137,Mali,Sub-Saharan Africa,138,3.995,0.05602,0.26074,1.03526,0.20583,0.38857,0.12352,0.18798,1.79293,2015
138,Congo (Brazzaville),Sub-Saharan Africa,139,3.989,0.06682,0.67866,0.6629,0.31051,0.41466,0.11686,0.12388,1.68135,2015
139,Comoros,Sub-Saharan Africa,140,3.956,0.04797,0.23906,0.79273,0.36315,0.22917,0.199,0.17441,1.95812,2015
140,Uganda,Sub-Saharan Africa,141,3.931,0.04317,0.21102,1.13299,0.33861,0.45727,0.07267,0.29066,1.42766,2015
141,Senegal,Sub-Saharan Africa,142,3.904,0.03608,0.36498,0.97619,0.4354,0.36772,0.10713,0.20843,1.44395,2015
142,Gabon,Sub-Saharan Africa,143,3.896,0.04547,1.06024,0.90528,0.43372,0.31914,0.11091,0.06822,0.99895,2015
143,Niger,Sub-Saharan Africa,144,3.845,0.03602,0.0694,0.77265,0.29707,0.47692,0.15639,0.19387,1.87877,2015
144,Cambodia,Southeastern Asia,145,3.819,0.05069,0.46038,0.62736,0.61114,0.66246,0.07247,0.40359,0.98195,2015
145,Tanzania,Sub-Saharan Africa,146,3.781,0.05061,0.2852,1.00268,0.38215,0.32878,0.05747,0.34377,1.38079,2015
146,Madagascar,Sub-Saharan Africa,147,3.681,0.03633,0.20824,0.66801,0.46721,0.19184,0.08124,0.21333,1.851,2015
147,Central African Republic,Sub-Saharan Africa,148,3.678,0.06112,0.0785,0,0.06699,0.48879,0.08289,0.23835,2.7223,2015
148,Chad,Sub-Saharan Africa,149,3.667,0.0383,0.34193,0.76062,0.1501,0.23501,0.05269,0.18386,1.94296,2015
149,Guinea,Sub-Saharan Africa,150,3.656,0.0359,0.17417,0.46475,0.24009,0.37725,0.12139,0.28657,1.99172,2015
150,Ivory Coast,Sub-Saharan Africa,151,3.655,0.05141,0.46534,0.77115,0.15185,0.46866,0.17922,0.20165,1.41723,2015
151,Burkina Faso,Sub-Saharan Africa,152,3.587,0.04324,0.25812,0.85188,0.27125,0.39493,0.12832,0.21747,1.46494,2015
152,Afghanistan,Southern Asia,153,3.575,0.03084,0.31982,0.30285,0.30335,0.23414,0.09719,0.3651,1.9521,2015
153,Rwanda,Sub-Saharan Africa,154,3.465,0.03464,0.22208,0.7737,0.42864,0.59201,0.55191,0.22628,0.67042,2015
154,Benin,Sub-Saharan Africa,155,3.34,0.03656,0.28665,0.35386,0.3191,0.4845,0.0801,0.1826,1.63328,2015
155,Syria,Middle East and Northern Africa,156,3.006,0.05015,0.6632,0.47489,0.72193,0.15684,0.18906,0.47179,0.32858,2015
156,Burundi,Sub-Saharan Africa,157,2.905,0.08658,0.0153,0.41587,0.22396,0.1185,0.10062,0.19727,1.83302,2015
157,Togo,Sub-Saharan Africa,158,2.839,0.06727,0.20868,0.13995,0.28443,0.36453,0.10731,0.16681,1.56726,2015
158,Denmark,Western Europe,1,7.526,,1.44178,1.16374,0.79504,0.57941,0.44453,0.36171,2.73939,2016
159,Switzerland,Western Europe,2,7.509,,1.52733,1.14524,0.86303,0.58557,0.41203,0.28083,2.69463,2016
160,Iceland,Western Europe,3,7.501,,1.42666,1.18326,0.86733,0.56624,0.14975,0.47678,2.83137,2016
161,Norway,Western Europe,4,7.498,,1.57744,1.1269,0.79579,0.59609,0.35776,0.37895,2.66465,2016
162,Finland,Western Europe,5,7.413,,1.40598,1.13464,0.81091,0.57104,0.41004,0.25492,2.82596,2016
163,Canada,North America,6,7.404,,1.44015,1.0961,0.8276,0.5737,0.31329,0.44834,2.70485,2016
164,Netherlands,Western Europe,7,7.339,,1.46468,1.02912,0.81231,0.55211,0.29927,0.47416,2.70749,2016
165,New Zealand,Australia and New Zealand,8,7.334,,1.36066,1.17278,0.83096,0.58147,0.41904,0.49401,2.47553,2016
166,Australia,Australia and New Zealand,9,7.313,,1.44443,1.10476,0.8512,0.56837,0.32331,0.47407,2.5465,2016
167,Sweden,Western Europe,10,7.291,,1.45181,1.08764,0.83121,0.58218,0.40867,0.38254,2.54734,2016
168,Israel,Middle East and Northern Africa,11,7.267,,1.33766,0.99537,0.84917,0.36432,0.08728,0.32288,3.31029,2016
169,Austria,Western Europe,12,7.119,,1.45038,1.08383,0.80565,0.54355,0.21348,0.32865,2.69343,2016
170,United States,North America,13,7.104,,1.50796,1.04782,0.779,0.48163,0.14868,0.41077,2.72782,2016
171,Costa Rica,Latin America and Caribbean,14,7.087,,1.06879,1.02152,0.76146,0.55225,0.10547,0.22553,3.35168,2016
172,Puerto Rico,Latin America and Caribbean,15,7.039,,1.35943,1.08113,0.77758,0.46823,0.12275,0.22202,3.0076,2016
173,Germany,Western Europe,16,6.994,,1.44787,1.09774,0.81487,0.53466,0.28551,0.30452,2.50931,2016
174,Brazil,Latin America and Caribbean,17,6.952,,1.08754,1.03938,0.61415,0.40425,0.14166,0.15776,3.50733,2016
175,Belgium,Western Europe,18,6.929,,1.42539,1.05249,0.81959,0.51354,0.26248,0.2424,2.61355,2016
176,Ireland,Western Europe,19,6.907,,1.48341,1.16157,0.81455,0.54008,0.29754,0.44963,2.15988,2016
177,Luxembourg,Western Europe,20,6.871,,1.69752,1.03999,0.84542,0.5487,0.35329,0.27571,2.11055,2016
178,Mexico,Latin America and Caribbean,21,6.778,,1.11508,0.7146,0.71143,0.37709,0.18355,0.11735,3.55906,2016
179,Singapore,Southeastern Asia,22,6.739,,1.64555,0.86758,0.94719,0.4877,0.46987,0.32706,1.99375,2016
180,United Kingdom,Western Europe,23,6.725,,1.40283,1.08672,0.80991,0.50036,0.27399,0.50156,2.14999,2016
181,Chile,Latin America and Caribbean,24,6.705,,1.2167,0.90587,0.81883,0.37789,0.11451,0.31595,2.95505,2016
182,Panama,Latin America and Caribbean,25,6.701,,1.18306,0.98912,0.70835,0.48927,0.08423,0.2418,3.00559,2016
183,Argentina,Latin America and Caribbean,26,6.65,,1.15137,1.06612,0.69711,0.42284,0.07296,0.10989,3.12985,2016
184,Czech Republic,Central and Eastern Europe,27,6.596,,1.30915,1.00793,0.76376,0.41418,0.03986,0.09929,2.96211,2016
185,United Arab Emirates,Middle East and Northern Africa,28,6.573,,1.57352,0.87114,0.72993,0.56215,0.35561,0.26591,2.21507,2016
186,Uruguay,Latin America and Caribbean,29,6.545,,1.18157,1.03143,0.72183,0.54388,0.21394,0.18056,2.67139,2016
187,Malta,Western Europe,30,6.488,,1.30782,1.09879,0.80315,0.54994,0.17554,0.56237,1.99032,2016
188,Colombia,Latin America and Caribbean,31,6.481,,1.03032,1.02169,0.59659,0.44735,0.05399,0.15626,3.17471,2016
189,France,Western Europe,32,6.478,,1.39488,1.00508,0.83795,0.46562,0.17808,0.1216,2.4744,2016
190,Thailand,Southeastern Asia,33,6.474,,1.0893,1.04477,0.64915,0.49553,0.02833,0.58696,2.5796,2016
191,Saudi Arabia,Middle East and Northern Africa,34,6.379,,1.48953,0.84829,0.59267,0.37904,0.30008,0.15457,2.61482,2016
192,Taiwan,Eastern Asia,34,6.379,,1.39729,0.92624,0.79565,0.32377,0.0663,0.25495,2.61523,2016
193,Qatar,Middle East and Northern Africa,36,6.375,,1.82427,0.87964,0.71723,0.56679,0.48049,0.32388,1.58224,2016
194,Spain,Western Europe,37,6.361,,1.34253,1.12945,0.87896,0.37545,0.06137,0.17665,2.39663,2016
195,Algeria,Middle East and Northern Africa,38,6.355,,1.05266,0.83309,0.61804,0.21006,0.16157,0.07044,3.40904,2016
196,Guatemala,Latin America and Caribbean,39,6.324,,0.83454,0.87119,0.54039,0.50379,0.08701,0.28808,3.19863,2016
197,Suriname,Latin America and Caribbean,40,6.269,,1.09686,0.77866,0.50933,0.52234,0.12692,0.16665,3.06852,2016
198,Kuwait,Middle East and Northern Africa,41,6.239,,1.61714,0.87758,0.63569,0.43166,0.23669,0.15965,2.28085,2016
199,Bahrain,Middle East and Northern Africa,42,6.218,,1.44024,0.94397,0.65696,0.47375,0.25772,0.17147,2.27405,2016
200,Trinidad and Tobago,Latin America and Caribbean,43,6.168,,1.32572,0.98569,0.52608,0.48453,0.01241,0.31935,2.51394,2016
201,Venezuela,Latin America and Caribbean,44,6.084,,1.13367,1.03302,0.61904,0.19847,0.08304,0.0425,2.97468,2016
202,Slovakia,Central and Eastern Europe,45,6.078,,1.27973,1.08268,0.70367,0.23391,0.02947,0.13837,2.61065,2016
203,El Salvador,Latin America and Caribbean,46,6.068,,0.8737,0.80975,0.596,0.37269,0.10613,0.08877,3.22134,2016
204,Malaysia,Southeastern Asia,47,6.005,,1.25142,0.88025,0.62366,0.39031,0.09081,0.41474,2.35384,2016
205,Nicaragua,Latin America and Caribbean,48,5.992,,0.69384,0.89521,0.65213,0.46582,0.16292,0.29773,2.82428,2016
206,Uzbekistan,Central and Eastern Europe,49,5.987,,0.73591,1.1681,0.50163,0.60848,0.28333,0.34326,2.34638,2016
207,Italy,Western Europe,50,5.977,,1.35495,1.04167,0.85102,0.18827,0.02556,0.16684,2.34918,2016
208,Ecuador,Latin America and Caribbean,51,5.976,,0.97306,0.85974,0.68613,0.4027,0.18037,0.10074,2.77366,2016
209,Belize,Latin America and Caribbean,52,5.956,,0.87616,0.68655,0.45569,0.51231,0.10771,0.23684,3.08039,2016
210,Japan,Eastern Asia,53,5.921,,1.38007,1.06054,0.91491,0.46761,0.18985,0.10224,1.80584,2016
211,Kazakhstan,Central and Eastern Europe,54,5.919,,1.22943,0.95544,0.57386,0.4052,0.11132,0.15011,2.49325,2016
212,Moldova,Central and Eastern Europe,55,5.897,,0.69177,0.83132,0.52309,0.25202,0.01903,0.19997,3.38007,2016
213,Russia,Central and Eastern Europe,56,5.856,,1.23228,1.05261,0.58991,0.32682,0.03586,0.02736,2.59115,2016
214,Poland,Central and Eastern Europe,57,5.835,,1.24585,1.04685,0.69058,0.4519,0.055,0.14443,2.20035,2016
215,South Korea,Eastern Asia,57,5.835,,1.35948,0.72194,0.88645,0.25168,0.07716,0.18824,2.35015,2016
216,Bolivia,Latin America and Caribbean,59,5.822,,0.79422,0.83779,0.4697,0.50961,0.07746,0.21698,2.91635,2016
217,Lithuania,Central and Eastern Europe,60,5.813,,1.2692,1.06411,0.64674,0.18929,0.0182,0.02025,2.60525,2016
218,Belarus,Central and Eastern Europe,61,5.802,,1.13062,1.04993,0.63104,0.29091,0.17457,0.13942,2.38582,2016
219,North Cyprus,Western Europe,62,5.771,,1.31141,0.81826,0.84142,0.43596,0.16578,0.26322,1.93447,2016
220,Slovenia,Central and Eastern Europe,63,5.768,,1.29947,1.05613,0.79151,0.53164,0.03635,0.25738,1.79522,2016
221,Peru,Latin America and Caribbean,64,5.743,,0.99602,0.81255,0.62994,0.37502,0.05292,0.14527,2.73117,2016
222,Turkmenistan,Central and Eastern Europe,65,5.658,,1.08017,1.03817,0.44006,0.37408,0.28467,0.22567,2.21489,2016
223,Mauritius,Sub-Saharan Africa,66,5.648,,1.14372,0.75695,0.66189,0.46145,0.05203,0.36951,2.20223,2016
224,Libya,Middle East and Northern Africa,67,5.615,,1.06688,0.95076,0.52304,0.40672,0.10339,0.17087,2.39374,2016
225,Latvia,Central and Eastern Europe,68,5.56,,1.21788,0.95025,0.63952,0.27996,0.0889,0.17445,2.20859,2016
226,Cyprus,Western Europe,69,5.546,,1.31857,0.70697,0.8488,0.29507,0.05228,0.27906,2.04497,2016
227,Paraguay,Latin America and Caribbean,70,5.538,,0.89373,1.11111,0.58295,0.46235,0.07396,0.25296,2.16091,2016
228,Romania,Central and Eastern Europe,71,5.528,,1.1697,0.72803,0.67602,0.36712,0.00679,0.12889,2.45184,2016
229,Estonia,Central and Eastern Europe,72,5.517,,1.27964,1.05163,0.68098,0.41511,0.18519,0.08423,1.81985,2016
230,Jamaica,Latin America and Caribbean,73,5.51,,0.89333,0.96372,0.59469,0.43597,0.04294,0.22245,2.35682,2016
231,Croatia,Central and Eastern Europe,74,5.488,,1.18649,0.60809,0.70524,0.23907,0.04002,0.18434,2.52462,2016
232,Hong Kong,Eastern Asia,75,5.458,,1.5107,0.87021,0.95277,0.48079,0.31647,0.40097,0.92614,2016
233,Somalia,Sub-Saharan Africa,76,5.44,,0,0.33613,0.11466,0.56778,0.3118,0.27225,3.83772,2016
234,Kosovo,Central and Eastern Europe,77,5.401,,0.90145,0.66062,0.54,0.14396,0.06547,0.27992,2.80998,2016
235,Turkey,Middle East and Northern Africa,78,5.389,,1.16492,0.87717,0.64718,0.23889,0.12348,0.04707,2.29074,2016
236,Indonesia,Southeastern Asia,79,5.314,,0.95104,0.87625,0.49374,0.39237,0.00322,0.56521,2.03171,2016
237,Jordan,Middle East and Northern Africa,80,5.303,,0.99673,0.86216,0.60712,0.36023,0.13297,0.14262,2.20142,2016
238,Azerbaijan,Central and Eastern Europe,81,5.291,,1.12373,0.76042,0.54504,0.35327,0.17914,0.0564,2.2735,2016
239,Philippines,Southeastern Asia,82,5.279,,0.81217,0.87877,0.47036,0.54854,0.11757,0.21674,2.23484,2016
240,China,Eastern Asia,83,5.245,,1.0278,0.79381,0.73561,0.44012,0.02745,0.04959,2.17087,2016
241,Bhutan,Southern Asia,84,5.196,,0.8527,0.90836,0.49759,0.46074,0.1616,0.48546,1.82916,2016
242,Kyrgyzstan,Central and Eastern Europe,85,5.185,,0.56044,0.95434,0.55449,0.40212,0.04762,0.38432,2.28136,2016
243,Serbia,Central and Eastern Europe,86,5.177,,1.03437,0.81329,0.6458,0.15718,0.04339,0.20737,2.27539,2016
244,Bosnia and Herzegovina,Central and Eastern Europe,87,5.163,,0.93383,0.64367,0.70766,0.09511,0,0.29889,2.48406,2016
245,Montenegro,Central and Eastern Europe,88,5.161,,1.07838,0.74173,0.63533,0.15111,0.12721,0.17191,2.25531,2016
246,Dominican Republic,Latin America and Caribbean,89,5.155,,1.02787,0.99496,0.57669,0.52259,0.12372,0.21286,1.69626,2016
247,Morocco,Middle East and Northern Africa,90,5.151,,0.84058,0.38595,0.59471,0.25646,0.08404,0.04053,2.94891,2016
248,Hungary,Central and Eastern Europe,91,5.145,,1.24142,0.93164,0.67608,0.1977,0.04472,0.099,1.95473,2016
249,Pakistan,Southern Asia,92,5.132,,0.68816,0.26135,0.40306,0.14622,0.1388,0.31185,3.18286,2016
250,Lebanon,Middle East and Northern Africa,93,5.129,,1.12268,0.64184,0.76171,0.26228,0.03061,0.23693,2.07339,2016
251,Portugal,Western Europe,94,5.123,,1.27607,0.94367,0.79363,0.44727,0.01521,0.11691,1.53015,2016
252,Macedonia,Central and Eastern Europe,95,5.121,,1.0193,0.78236,0.64738,0.27668,0.07047,0.23507,2.08947,2016
253,Vietnam,Southeastern Asia,96,5.061,,0.74037,0.79117,0.66157,0.55954,0.11556,0.25075,1.9418,2016
254,Somaliland Region,Sub-Saharan Africa,97,5.057,,0.25558,0.75862,0.33108,0.3913,0.36794,0.51479,2.43801,2016
255,Tunisia,Middle East and Northern Africa,98,5.045,,0.97724,0.43165,0.59577,0.23553,0.0817,0.03936,2.68413,2016
256,Greece,Western Europe,99,5.033,,1.24886,0.75473,0.80029,0.05822,0.04127,0,2.12944,2016
257,Tajikistan,Central and Eastern Europe,100,4.996,,0.48835,0.75602,0.53119,0.43408,0.13509,0.25998,2.39106,2016
258,Mongolia,Eastern Asia,101,4.907,,0.98853,1.08983,0.55469,0.35972,0.03285,0.34539,1.53586,2016
259,Laos,Southeastern Asia,102,4.876,,0.68042,0.5497,0.38291,0.52168,0.22423,0.43079,2.08637,2016
260,Nigeria,Sub-Saharan Africa,103,4.875,,0.75216,0.64498,0.05108,0.27854,0.0305,0.23219,2.88586,2016
261,Honduras,Latin America and Caribbean,104,4.871,,0.69429,0.75596,0.58383,0.26755,0.06906,0.2044,2.29551,2016
262,Iran,Middle East and Northern Africa,105,4.813,,1.11758,0.38857,0.64232,0.22544,0.0557,0.38538,1.99817,2016
263,Zambia,Sub-Saharan Africa,106,4.795,,0.61202,0.6376,0.23573,0.42662,0.11479,0.17866,2.58991,2016
264,Nepal,Southern Asia,107,4.793,,0.44626,0.69699,0.50073,0.37012,0.07008,0.3816,2.32694,2016
265,Palestinian Territories,Middle East and Northern Africa,108,4.754,,0.67024,0.71629,0.56844,0.17744,0.10613,0.11154,2.40364,2016
266,Albania,Central and Eastern Europe,109,4.655,,0.9553,0.50163,0.73007,0.31866,0.05301,0.1684,1.92816,2016
267,Bangladesh,Southern Asia,110,4.643,,0.54177,0.24749,0.52989,0.39778,0.12583,0.19132,2.60904,2016
268,Sierra Leone,Sub-Saharan Africa,111,4.635,,0.36485,0.628,0,0.30685,0.08196,0.23897,3.01402,2016
269,Iraq,Middle East and Northern Africa,112,4.575,,1.07474,0.59205,0.51076,0.24856,0.13636,0.19589,1.81657,2016
270,Namibia,Sub-Saharan Africa,113,4.574,,0.93287,0.70362,0.34745,0.48614,0.10398,0.07795,1.92198,2016
271,Cameroon,Sub-Saharan Africa,114,4.513,,0.52497,0.62542,0.12698,0.42736,0.06126,0.2268,2.5198,2016
272,Ethiopia,Sub-Saharan Africa,115,4.508,,0.29283,0.37932,0.34578,0.36703,0.1717,0.29522,2.65614,2016
273,South Africa,Sub-Saharan Africa,116,4.459,,1.02416,0.96053,0.18611,0.42483,0.08415,0.13656,1.64227,2016
274,Sri Lanka,Southern Asia,117,4.415,,0.97318,0.84783,0.62007,0.50817,0.07964,0.46978,0.91681,2016
275,India,Southern Asia,118,4.404,,0.74036,0.29247,0.45091,0.40285,0.08722,0.25028,2.18032,2016
276,Myanmar,Southeastern Asia,119,4.395,,0.34112,0.69981,0.3988,0.42692,0.20243,0.81971,1.50655,2016
277,Egypt,Middle East and Northern Africa,120,4.362,,0.95395,0.49813,0.52116,0.18847,0.10393,0.12706,1.96895,2016
278,Armenia,Central and Eastern Europe,121,4.36,,0.86086,0.62477,0.64083,0.14037,0.03616,0.07793,1.97864,2016
279,Kenya,Sub-Saharan Africa,122,4.356,,0.52267,0.7624,0.30147,0.40576,0.06686,0.41328,1.88326,2016
280,Ukraine,Central and Eastern Europe,123,4.324,,0.87287,1.01413,0.58628,0.12859,0.01829,0.20363,1.50066,2016
281,Ghana,Sub-Saharan Africa,124,4.276,,0.63107,0.49353,0.29681,0.40973,0.0326,0.21203,2.2002,2016
282,Congo (Kinshasa),Sub-Saharan Africa,125,4.272,,0.05661,0.80676,0.188,0.15602,0.06075,0.25458,2.74924,2016
283,Georgia,Central and Eastern Europe,126,4.252,,0.83792,0.19249,0.64035,0.32461,0.3188,0.06786,1.87031,2016
284,Congo (Brazzaville),Sub-Saharan Africa,127,4.236,,0.77109,0.47799,0.28212,0.37938,0.09753,0.12077,2.10681,2016
285,Senegal,Sub-Saharan Africa,128,4.219,,0.44314,0.77416,0.40457,0.31056,0.11681,0.19103,1.97861,2016
286,Bulgaria,Central and Eastern Europe,129,4.217,,1.11306,0.92542,0.67806,0.21219,0.00615,0.12793,1.15377,2016
287,Mauritania,Sub-Saharan Africa,130,4.201,,0.61391,0.84142,0.28639,0.1268,0.17955,0.22686,1.9263,2016
288,Zimbabwe,Sub-Saharan Africa,131,4.193,,0.35041,0.71478,0.1595,0.25429,0.08582,0.18503,2.4427,2016
289,Malawi,Sub-Saharan Africa,132,4.156,,0.08709,0.147,0.29364,0.4143,0.07564,0.30968,2.82859,2016
290,Sudan,Sub-Saharan Africa,133,4.139,,0.63069,0.81928,0.29759,0,0.10039,0.18077,2.10995,2016
291,Gabon,Sub-Saharan Africa,134,4.121,,1.15851,0.72368,0.3494,0.28098,0.09314,0.06244,1.45332,2016
292,Mali,Sub-Saharan Africa,135,4.073,,0.31292,0.86333,0.16347,0.27544,0.13647,0.21064,2.11087,2016
293,Haiti,Latin America and Caribbean,136,4.028,,0.34097,0.29561,0.27494,0.12072,0.14476,0.47958,2.37116,2016
294,Botswana,Sub-Saharan Africa,137,3.974,,1.09426,0.89186,0.34752,0.44089,0.10769,0.12425,0.96741,2016
295,Comoros,Sub-Saharan Africa,138,3.956,,0.27509,0.60323,0.29981,0.15412,0.18437,0.1827,2.25632,2016
296,Ivory Coast,Sub-Saharan Africa,139,3.916,,0.55507,0.57576,0.04476,0.40663,0.1553,0.20338,1.97478,2016
297,Cambodia,Southeastern Asia,140,3.907,,0.55604,0.5375,0.42494,0.58852,0.08092,0.40339,1.31573,2016
298,Angola,Sub-Saharan Africa,141,3.866,,0.84731,0.66366,0.04991,0.00589,0.08434,0.12071,2.09459,2016
299,Niger,Sub-Saharan Africa,142,3.856,,0.1327,0.6053,0.26162,0.38041,0.17176,0.2097,2.09469,2016
300,South Sudan,Sub-Saharan Africa,143,3.832,,0.39394,0.18519,0.15781,0.19662,0.13015,0.25899,2.50929,2016
301,Chad,Sub-Saharan Africa,144,3.763,,0.42214,0.63178,0.03824,0.12807,0.04952,0.18667,2.30637,2016
302,Burkina Faso,Sub-Saharan Africa,145,3.739,,0.31995,0.63054,0.21297,0.3337,0.12533,0.24353,1.87319,2016
303,Uganda,Sub-Saharan Africa,145,3.739,,0.34719,0.90981,0.19625,0.43653,0.06442,0.27102,1.51416,2016
304,Yemen,Middle East and Northern Africa,147,3.724,,0.57939,0.47493,0.31048,0.2287,0.05892,0.09821,1.97295,2016
305,Madagascar,Sub-Saharan Africa,148,3.695,,0.27954,0.46115,0.37109,0.13684,0.07506,0.2204,2.15075,2016
306,Tanzania,Sub-Saharan Africa,149,3.666,,0.47155,0.77623,0.357,0.3176,0.05099,0.31472,1.37769,2016
307,Liberia,Sub-Saharan Africa,150,3.622,,0.10706,0.50353,0.23165,0.25748,0.04852,0.24063,2.23284,2016
308,Guinea,Sub-Saharan Africa,151,3.607,,0.22415,0.3109,0.18829,0.30953,0.1192,0.29914,2.15604,2016
309,Rwanda,Sub-Saharan Africa,152,3.515,,0.32846,0.61586,0.31865,0.5432,0.50521,0.23552,0.96819,2016
310,Benin,Sub-Saharan Africa,153,3.484,,0.39499,0.10419,0.21028,0.39747,0.06681,0.2018,2.10812,2016
311,Afghanistan,Southern Asia,154,3.36,,0.38227,0.11037,0.17344,0.1643,0.07112,0.31268,2.14558,2016
312,Togo,Sub-Saharan Africa,155,3.303,,0.28123,0,0.24811,0.34678,0.11587,0.17517,2.1354,2016
313,Syria,Middle East and Northern Africa,156,3.069,,0.74719,0.14866,0.62994,0.06912,0.17233,0.48397,0.81789,2016
314,Burundi,Sub-Saharan Africa,157,2.905,,0.06831,0.23442,0.15747,0.0432,0.09419,0.2029,2.10404,2016
315,Norway,,,,,,1.53352356,,0.635422587,,0.362012237,,2017
316,Denmark,,,,,,1.551121593,,0.626006722,,0.355280489,,2017
317,Iceland,,,,,,1.610574007,,0.627162635,,0.475540221,,2017
318,Switzerland,,,,,,1.516911745,,0.620070577,,0.290549278,,2017
319,Finland,,,,,,1.540246725,,0.617950857,,0.245482773,,2017
320,Netherlands,,,,,,1.428939223,,0.585384488,,0.47048983,,2017
321,Canada,,,,,,1.481348991,,0.611100912,,0.435539722,,2017
322,New Zealand,,,,,,1.548195124,,0.61406213,,0.500005126,,2017
323,Sweden,,,,,,1.478162169,,0.612924099,,0.385399252,,2017
324,Australia,,,,,,1.510041952,,0.601607382,,0.47769925,,2017
325,Israel,,,,,,1.376289964,,0.405988604,,0.330082655,,2017
326,Costa Rica,,,,,,1.416403651,,0.58013165,,0.214613229,,2017
327,Austria,,,,,,1.459944963,,0.56776619,,0.316472322,,2017
328,United States,,,,,,1.419920564,,0.505740523,,0.392578781,,2017
329,Ireland,,,,,,1.558231115,,0.573110342,,0.427858323,,2017
330,Germany,,,,,,1.472520351,,0.562511384,,0.33626917,,2017
331,Belgium,,,,,,1.462312698,,0.539770722,,0.231503338,,2017
332,Luxembourg,,,,,,1.457583666,,0.596627891,,0.283180982,,2017
333,United Kingdom,,,,,,1.49646008,,0.508190036,,0.492774159,,2017
334,Chile,,,,,,1.284024954,,0.376895279,,0.326662421,,2017
335,United Arab Emirates,,,,,,1.266410232,,0.60834527,,0.360941947,,2017
336,Brazil,,,,,,1.431306005,,0.437453747,,0.162349895,,2017
337,Czech Republic,,,,,,1.433885217,,0.490946174,,0.088106759,,2017
338,Argentina,,,,,,1.440451145,,0.494519204,,0.109457061,,2017
339,Mexico,,,,,,1.21086216,,0.412730008,,0.120990433,,2017
340,Singapore,,,,,,1.353814363,,0.549840569,,0.345965981,,2017
341,Malta,,,,,,1.488411665,,0.588767052,,0.574730575,,2017
342,Uruguay,,,,,,1.412227869,,0.579392254,,0.175096929,,2017
343,Guatemala,,,,,,1.255585194,,0.531310618,,0.283488393,,2017
344,Panama,,,,,,1.373192549,,0.550026834,,0.210556939,,2017
345,France,,,,,,1.387776852,,0.470222116,,0.129762307,,2017
346,Thailand,,,,,,1.425792456,,0.580200732,,0.57212311,,2017
347,Taiwan Province of China,,,,,,1.384565353,,0.361466587,,0.258360475,,2017
348,Spain,,,,,,1.532090902,,0.40878123,,0.190133572,,2017
349,Qatar,,,,,,1.27429688,,0.604130983,,0.33047387,,2017
350,Colombia,,,,,,1.402182937,,0.477487415,,0.149014473,,2017
351,Saudi Arabia,,,,,,1.286677599,,0.449750572,,0.147616014,,2017
352,Trinidad and Tobago,,,,,,1.380228519,,0.518630743,,0.325296462,,2017
353,Kuwait,,,,,,1.259698749,,0.496337593,,0.228289798,,2017
354,Slovakia,,,,,,1.505059242,,0.295817465,,0.136544481,,2017
355,Bahrain,,,,,,1.323110461,,0.536746919,,0.172668487,,2017
356,Malaysia,,,,,,1.284646034,,0.402264982,,0.41660893,,2017
357,Nicaragua,,,,,,1.28721571,,0.447551847,,0.301674217,,2017
358,Ecuador,,,,,,1.286168814,,0.455198199,,0.150112465,,2017
359,El Salvador,,,,,,1.182125092,,0.43245253,,0.078257985,,2017
360,Poland,,,,,,1.44571197,,0.520342112,,0.158465967,,2017
361,Uzbekistan,,,,,,1.54896915,,0.658248663,,0.415983647,,2017
362,Italy,,,,,,1.444923282,,0.256450713,,0.172789648,,2017
363,Russia,,,,,,1.469282389,,0.373783112,,0.052263822,,2017
364,Belize,,,,,,1.081417799,,0.547509372,,0.240015641,,2017
365,Japan,,,,,,1.436337829,,0.505625546,,0.120572768,,2017
366,Lithuania,,,,,,1.473516107,,0.234231785,,0.010164657,,2017
367,Algeria,,,,,,1.146217465,,0.233335808,,0.069436647,,2017
368,Latvia,,,,,,1.404714942,,0.325707912,,0.153074786,,2017
369,South Korea,,,,,,1.128274441,,0.257921666,,0.206674367,,2017
370,Moldova,,,,,,1.251825571,,0.240729049,,0.208779126,,2017
371,Romania,,,,,,1.15009129,,0.457003742,,0.133519918,,2017
372,Bolivia,,,,,,1.227619052,,0.558732927,,0.225560725,,2017
373,Turkmenistan,,,,,,1.493149161,,0.418271929,,0.249924988,,2017
374,Kazakhstan,,,,,,1.384369016,,0.437454283,,0.201964423,,2017
375,North Cyprus,,,,,,1.186303377,,0.471203625,,0.266845703,,2017
376,Slovenia,,,,,,1.452518821,,0.572575808,,0.242649093,,2017
377,Peru,,,,,,1.218770385,,0.450002879,,0.126819715,,2017
378,Mauritius,,,,,,1.20956099,,0.491247326,,0.360933751,,2017
379,Cyprus,,,,,,1.131363273,,0.355111539,,0.271254301,,2017
380,Estonia,,,,,,1.4766711,,0.47913143,,0.098890811,,2017
381,Belarus,,,,,,1.444945216,,0.295400262,,0.155137509,,2017
382,Libya,,,,,,1.35756433,,0.46573323,,0.152073666,,2017
383,Turkey,,,,,,1.337753177,,0.3007406,,0.046693042,,2017
384,Paraguay,,,,,,1.50728488,,0.473507792,,0.224150658,,2017
385,"Hong Kong S.A.R., China",,,,,,1.262790918,,0.490968645,,0.374465793,,2017
386,Philippines,,,,,,1.253917575,,0.585214674,,0.193513423,,2017
387,Serbia,,,,,,1.258189797,,0.208715528,,0.220125884,,2017
388,Jordan,,,,,,1.239088893,,0.418421149,,0.17217046,,2017
389,Hungary,,,,,,1.343133092,,0.175863519,,0.078401662,,2017
390,Jamaica,,,,,,1.368218064,,0.474307239,,0.233818337,,2017
391,Croatia,,,,,,0.967983007,,0.255772293,,0.248002976,,2017
392,Kosovo,,,,,,1.137853503,,0.260287941,,0.319931448,,2017
393,China,,,,,,1.160837412,,0.472787708,,0.028806841,,2017
394,Pakistan,,,,,,0.67269069,,0.235215262,,0.315446019,,2017
395,Indonesia,,,,,,1.274444699,,0.443323463,,0.611704588,,2017
396,Venezuela,,,,,,1.431337595,,0.153997123,,0.06501963,,2017
397,Montenegro,,,,,,1.238376498,,0.194989055,,0.197911024,,2017
398,Morocco,,,,,,0.774864435,,0.408158332,,0.032209955,,2017
399,Azerbaijan,,,,,,1.152400255,,0.398155838,,0.04526934,,2017
400,Dominican Republic,,,,,,1.402416706,,0.552589834,,0.18696785,,2017
401,Greece,,,,,,1.239414573,,0.095731251,,0,,2017
402,Lebanon,,,,,,1.129624248,,0.288515985,,0.264450759,,2017
403,Portugal,,,,,,1.367043018,,0.4984653,,0.095102713,,2017
404,Bosnia and Herzegovina,,,,,,1.069335938,,0.204403177,,0.328867495,,2017
405,Honduras,,,,,,1.143944979,,0.34807986,,0.236188874,,2017
406,Macedonia,,,,,,1.207893014,,0.325905979,,0.253760964,,2017
407,Somalia,,,,,,0.721151352,,0.602126956,,0.291631311,,2017
408,Vietnam,,,,,,1.277491331,,0.571055591,,0.234968051,,2017
409,Nigeria,,,,,,1.215770483,,0.394952565,,0.230947196,,2017
410,Tajikistan,,,,,,1.271463275,,0.471566707,,0.248997644,,2017
411,Bhutan,,,,,,1.340126514,,0.501537681,,0.474054545,,2017
412,Kyrgyzstan,,,,,,1.394238591,,0.454943389,,0.428580374,,2017
413,Nepal,,,,,,1.179283261,,0.440305948,,0.394096166,,2017
414,Mongolia,,,,,,1.493011236,,0.394143969,,0.33846423,,2017
415,South Africa,,,,,,1.384788632,,0.479246736,,0.13936238,,2017
416,Tunisia,,,,,,0.86835146,,0.28968069,,0.049693357,,2017
417,Palestinian Territories,,,,,,1.155647159,,0.254711062,,0.114173174,,2017
418,Egypt,,,,,,0.997471392,,0.282110155,,0.128631443,,2017
419,Bulgaria,,,,,,1.434379458,,0.289231718,,0.113177694,,2017
420,Sierra Leone,,,,,,0.984136045,,0.318697691,,0.293040901,,2017
421,Cameroon,,,,,,0.946018219,,0.430388749,,0.236298457,,2017
422,Iran,,,,,,0.711551249,,0.249322608,,0.387242913,,2017
423,Albania,,,,,,0.803685248,,0.381498635,,0.201312944,,2017
424,Bangladesh,,,,,,0.735131741,,0.478356659,,0.172255352,,2017
425,Namibia,,,,,,1.098470807,,0.520303547,,0.077133745,,2017
426,Kenya,,,,,,1.067950726,,0.452763766,,0.444860309,,2017
427,Mozambique,,,,,,0.870701015,,0.480791092,,0.322228104,,2017
428,Myanmar,,,,,,1.123235941,,0.514492035,,0.838075161,,2017
429,Senegal,,,,,,1.179691911,,0.377922267,,0.183468893,,2017
430,Zambia,,,,,,1.003187299,,0.461603492,,0.249580145,,2017
431,Iraq,,,,,,0.978613198,,0.288555533,,0.199637264,,2017
432,Gabon,,,,,,1.155620217,,0.312328577,,0.043785378,,2017
433,Ethiopia,,,,,,0.864669204,,0.408842742,,0.31265074,,2017
434,Sri Lanka,,,,,,1.259976387,,0.561213255,,0.490863562,,2017
435,Armenia,,,,,,1.007483721,,0.198303267,,0.083488092,,2017
436,India,,,,,,0.754372597,,0.469987005,,0.231538489,,2017
437,Mauritania,,,,,,1.27203083,,0.096098043,,0.201870024,,2017
438,Congo (Brazzaville),,,,,,0.832044363,,0.435025871,,0.120852128,,2017
439,Georgia,,,,,,0.570614934,,0.309410036,,0.054008815,,2017
440,Congo (Kinshasa),,,,,,1.229023457,,0.235961348,,0.246455833,,2017
441,Mali,,,,,,1.281473398,,0.306613743,,0.183354199,,2017
442,Ivory Coast,,,,,,0.90478003,,0.447706193,,0.20123747,,2017
443,Cambodia,,,,,,1.006238341,,0.633375823,,0.385922968,,2017
444,Sudan,,,,,,1.21400857,,0.014995855,,0.182317451,,2017
445,Ghana,,,,,,0.873664737,,0.423026294,,0.256923944,,2017
446,Ukraine,,,,,,1.394537568,,0.122974776,,0.270061463,,2017
447,Uganda,,,,,,1.129827738,,0.443185955,,0.325766057,,2017
448,Burkina Faso,,,,,,1.043280005,,0.324367851,,0.250864685,,2017
449,Niger,,,,,,0.993025005,,0.363658696,,0.228673846,,2017
450,Malawi,,,,,,0.512568831,,0.466914654,,0.28717047,,2017
451,Chad,,,,,,0.953855872,,0.162342027,,0.21611385,,2017
452,Zimbabwe,,,,,,1.083095908,,0.336384207,,0.189143494,,2017
453,Lesotho,,,,,,1.190095186,,0.390661299,,0.157497272,,2017
454,Angola,,,,,,1.10441196,,0,,0.09792649,,2017
455,Afghanistan,,,,,,0.581543326,,0.10617952,,0.311870933,,2017
456,Botswana,,,,,,1.221554995,,0.505196333,,0.099348448,,2017
457,Benin,,,,,,0.435299844,,0.425962776,,0.207948461,,2017
458,Madagascar,,,,,,0.913020372,,0.189196765,,0.20873253,,2017
459,Haiti,,,,,,0.640449822,,0.030369857,,0.489203781,,2017
460,Yemen,,,,,,0.935382247,,0.249463722,,0.104125209,,2017
461,South Sudan,,,,,,0.601323128,,0.147062436,,0.285670817,,2017
462,Liberia,,,,,,0.872117937,,0.332881182,,0.266549885,,2017
463,Guinea,,,,,,0.791244686,,0.348587513,,0.264815092,,2017
464,Togo,,,,,,0.43188253,,0.380426139,,0.196896151,,2017
465,Rwanda,,,,,,0.945707023,,0.581843853,,0.252756029,,2017
466,Syria,,,,,,0.396102607,,0.081539445,,0.493663728,,2017
467,Tanzania,,,,,,1.041989803,,0.390017778,,0.354256362,,2017
468,Burundi,,,,,,0.629793584,,0.059900753,,0.204435185,,2017
469,Central African Republic,,,,,,0,,0.270842046,,0.280876487,,2017
470,,,,,,,,,,,0.202,,2018
471,,,,,,,,,,,0.286,,2018
472,,,,,,,,,,,0.284,,2018
473,,,,,,,,,,,0.353,,2018
474,,,,,,,,,,,0.256,,2018
475,,,,,,,,,,,0.333,,2018
476,,,,,,,,,,,0.321,,2018
477,,,,,,,,,,,0.365,,2018
478,,,,,,,,,,,0.285,,2018
479,,,,,,,,,,,0.361,,2018
480,,,,,,,,,,,0.262,,2018
481,,,,,,,,,,,0.242,,2018
482,,,,,,,,,,,0.143,,2018
483,,,,,,,,,,,0.307,,2018
484,,,,,,,,,,,0.273,,2018
485,,,,,,,,,,,0.188,,2018
486,,,,,,,,,,,0.196,,2018
487,,,,,,,,,,,0.291,,2018
488,,,,,,,,,,,0.354,,2018
489,,,,,,,,,,,0.186,,2018
490,,,,,,,,,,,0.064,,2018
491,,,,,,,,,,,0.376,,2018
492,,,,,,,,,,,0.098,,2018
493,,,,,,,,,,,0.069,,2018
494,,,,,,,,,,,0.197,,2018
495,,,,,,,,,,,0.151,,2018
496,,,,,,,,,,,0.125,,2018
497,,,,,,,,,,,0.11,,2018
498,,,,,,,,,,,0.062,,2018
499,,,,,,,,,,,0.179,,2018
500,,,,,,,,,,,0.13,,2018
501,,,,,,,,,,,0.256,,2018
502,,,,,,,,,,,0.098,,2018
503,,,,,,,,,,,0.261,,2018
504,,,,,,,,,,,0.311,,2018
505,,,,,,,,,,,0.142,,2018
506,,,,,,,,,,,0.099,,2018
507,,,,,,,,,,,0.171,,2018
508,,,,,,,,,,,0.118,,2018
509,,,,,,,,,,,0.065,,2018
510,,,,,,,,,,,0.208,,2018
511,,,,,,,,,,,0.108,,2018
512,,,,,,,,,,,0.243,,2018
513,,,,,,,,,,,0.328,,2018
514,,,,,,,,,,,0.167,,2018
515,,,,,,,,,,,0.364,,2018
516,,,,,,,,,,,0.137,,2018
517,,,,,,,,,,,0.114,,2018
518,,,,,,,,,,,0.183,,2018
519,,,,,,,,,,,0.026,,2018
520,,,,,,,,,,,0.16,,2018
521,,,,,,,,,,,0.088,,2018
522,,,,,,,,,,,0.092,,2018
523,,,,,,,,,,,0.079,,2018
524,,,,,,,,,,,0.245,,2018
525,,,,,,,,,,,0.096,,2018
526,,,,,,,,,,,0.175,,2018
527,,,,,,,,,,,0.179,,2018
528,,,,,,,,,,,0.065,,2018
529,,,,,,,,,,,0.148,,2018
530,,,,,,,,,,,0.202,,2018
531,,,,,,,,,,,0.141,,2018
532,,,,,,,,,,,0.086,,2018
533,,,,,,,,,,,0.162,,2018
534,,,,,,,,,,,0.092,,2018
535,,,,,,,,,,,0.274,,2018
536,,,,,,,,,,,0.171,,2018
537,,,,,,,,,,,0.199,,2018
538,,,,,,,,,,,0.061,,2018
539,,,,,,,,,,,0.116,,2018
540,,,,,,,,,,,0.12,,2018
541,,,,,,,,,,,0.197,,2018
542,,,,,,,,,,,0.101,,2018
543,,,,,,,,,,,0.106,,2018
544,,,,,,,,,,,0.216,,2018
545,,,,,,,,,,,0.246,,2018
546,,,,,,,,,,,0.055,,2018
547,,,,,,,,,,,0.134,,2018
548,,,,,,,,,,,0,,2018
549,,,,,,,,,,,0.214,,2018
550,,,,,,,,,,,0.111,,2018
551,,,,,,,,,,,0.12,,2018
552,,,,,,,,,,,0.12,,2018
553,,,,,,,,,,,0.055,,2018
554,,,,,,,,,,,0.026,,2018
555,,,,,,,,,,,0.029,,2018
556,,,,,,,,,,,0.031,,2018
557,,,,,,,,,,,0.187,,2018
558,,,,,,,,,,,0.173,,2018
559,,,,,,,,,,,0.13,,2018
560,,,,,,,,,,,0.201,,2018
561,,,,,,,,,,,0.281,,2018
562,,,,,,,,,,,0.216,,2018
563,,,,,,,,,,,0.253,,2018
564,,,,,,,,,,,0.177,,2018
565,,,,,,,,,,,0.484,,2018
566,,,,,,,,,,,0.364,,2018
567,,,,,,,,,,,0.238,,2018
568,,,,,,,,,,,0.183,,2018
569,,,,,,,,,,,0.064,,2018
570,,,,,,,,,,,0.302,,2018
571,,,,,,,,,,,0.056,,2018
572,,,,,,,,,,,0.032,,2018
573,,,,,,,,,,,0.086,,2018
574,,,,,,,,,,,0.103,,2018
575,,,,,,,,,,,0.282,,2018
576,,,,,,,,,,,0.146,,2018
577,,,,,,,,,,,0.212,,2018
578,,,,,,,,,,,0.138,,2018
579,,,,,,,,,,,0.23,,2018
580,,,,,,,,,,,0.04,,2018
581,,,,,,,,,,,0.149,,2018
582,,,,,,,,,,,0.238,,2018
583,,,,,,,,,,,0.091,,2018
584,,,,,,,,,,,0.153,,2018
585,,,,,,,,,,,0.307,,2018
586,,,,,,,,,,,0.148,,2018
587,,,,,,,,,,,0.139,,2018
588,,,,,,,,,,,0.051,,2018
589,,,,,,,,,,,0.256,,2018
590,,,,,,,,,,,0.175,,2018
591,,,,,,,,,,,0.092,,2018
592,,,,,,,,,,,0.206,,2018
593,,,,,,,,,,,0.352,,2018
594,,,,,,,,,,,0.221,,2018
595,,,,,,,,,,,0.134,,2018
596,,,,,,,,,,,0.22,,2018
597,,,,,,,,,,,0.038,,2018
598,,,,,,,,,,,0.077,,2018
599,,,,,,,,,,,0.598,,2018
600,,,,,,,,,,,0.181,,2018
601,,,,,,,,,,,0.197,,2018
602,,,,,,,,,,,0.172,,2018
603,,,,,,,,,,,0.175,,2018
604,,,,,,,,,,,0.259,,2018
605,,,,,,,,,,,0.163,,2018
606,,,,,,,,,,,0.134,,2018
607,,,,,,,,,,,0.187,,2018
608,,,,,,,,,,,0.158,,2018
609,,,,,,,,,,,0.185,,2018
610,,,,,,,,,,,0.116,,2018
611,,,,,,,,,,,0.079,,2018
612,,,,,,,,,,,0.155,,2018
613,,,,,,,,,,,0.132,,2018
614,,,,,,,,,,,0.191,,2018
615,,,,,,,,,,,0.042,,2018
616,,,,,,,,,,,0.21,,2018
617,,,,,,,,,,,0.392,,2018
618,,,,,,,,,,,0.206,,2018
619,,,,,,,,,,,0.376,,2018
620,,,,,,,,,,,0.2,,2018
621,,,,,,,,,,,0.083,,2018
622,,,,,,,,,,,0.27,,2018
623,,,,,,,,,,,0.224,,2018
624,,,,,,,,,,,0.218,,2018
625,,,,,,,,,,,0.149,,2018
626,,,,,,,,,,,0.153,,2019
627,,,,,,,,,,,0.252,,2019
628,,,,,,,,,,,0.271,,2019
629,,,,,,,,,,,0.354,,2019
630,,,,,,,,,,,0.322,,2019
631,,,,,,,,,,,0.263,,2019
632,,,,,,,,,,,0.267,,2019
633,,,,,,,,,,,0.33,,2019
634,,,,,,,,,,,0.285,,2019
635,,,,,,,,,,,0.244,,2019
636,,,,,,,,,,,0.332,,2019
637,,,,,,,,,,,0.144,,2019
638,,,,,,,,,,,0.261,,2019
639,,,,,,,,,,,0.194,,2019
640,,,,,,,,,,,0.348,,2019
641,,,,,,,,,,,0.298,,2019
642,,,,,,,,,,,0.261,,2019
643,,,,,,,,,,,0.16,,2019
644,,,,,,,,,,,0.28,,2019
645,,,,,,,,,,,0.046,,2019
646,,,,,,,,,,,0.262,,2019
647,,,,,,,,,,,0.375,,2019
648,,,,,,,,,,,0.074,,2019
649,,,,,,,,,,,0.111,,2019
650,,,,,,,,,,,0.242,,2019
651,,,,,,,,,,,0.187,,2019
652,,,,,,,,,,,0.175,,2019
653,,,,,,,,,,,0.08,,2019
654,,,,,,,,,,,0.22,,2019
655,,,,,,,,,,,0.153,,2019
656,,,,,,,,,,,0.109,,2019
657,,,,,,,,,,,0.099,,2019
658,,,,,,,,,,,0.127,,2019
659,,,,,,,,,,,0.271,,2019
660,,,,,,,,,,,0.093,,2019
661,,,,,,,,,,,0.158,,2019
662,,,,,,,,,,,0.255,,2019
663,,,,,,,,,,,0.121,,2019
664,,,,,,,,,,,0.185,,2019
665,,,,,,,,,,,0.117,,2019
666,,,,,,,,,,,0.322,,2019
667,,,,,,,,,,,0.043,,2019
668,,,,,,,,,,,0.099,,2019
669,,,,,,,,,,,0.144,,2019
670,,,,,,,,,,,0.2,,2019
671,,,,,,,,,,,0.262,,2019
672,,,,,,,,,,,0.066,,2019
673,,,,,,,,,,,0.083,,2019
674,,,,,,,,,,,0.19,,2019
675,,,,,,,,,,,0.126,,2019
676,,,,,,,,,,,0.142,,2019
677,,,,,,,,,,,0.359,,2019
678,,,,,,,,,,,0.075,,2019
679,,,,,,,,,,,0.175,,2019
680,,,,,,,,,,,0.103,,2019
681,,,,,,,,,,,0.107,,2019
682,,,,,,,,,,,0.215,,2019
683,,,,,,,,,,,0.069,,2019
684,,,,,,,,,,,0.246,,2019
685,,,,,,,,,,,0.146,,2019
686,,,,,,,,,,,0.137,,2019
687,,,,,,,,,,,0.081,,2019
688,,,,,,,,,,,0.184,,2019
689,,,,,,,,,,,0.191,,2019
690,,,,,,,,,,,0.083,,2019
691,,,,,,,,,,,0.047,,2019
692,,,,,,,,,,,0.22,,2019
693,,,,,,,,,,,0.082,,2019
694,,,,,,,,,,,0.117,,2019
695,,,,,,,,,,,0.137,,2019
696,,,,,,,,,,,0.181,,2019
697,,,,,,,,,,,0.133,,2019
698,,,,,,,,,,,0.142,,2019
699,,,,,,,,,,,0.23,,2019
700,,,,,,,,,,,0.119,,2019
701,,,,,,,,,,,0.258,,2019
702,,,,,,,,,,,0.113,,2019
703,,,,,,,,,,,0.263,,2019
704,,,,,,,,,,,0.083,,2019
705,,,,,,,,,,,0.26,,2019
706,,,,,,,,,,,0.094,,2019
707,,,,,,,,,,,0,,2019
708,,,,,,,,,,,0.235,,2019
709,,,,,,,,,,,0.185,,2019
710,,,,,,,,,,,0.215,,2019
711,,,,,,,,,,,0.3,,2019
712,,,,,,,,,,,0.244,,2019
713,,,,,,,,,,,0.073,,2019
714,,,,,,,,,,,0.036,,2019
715,,,,,,,,,,,0.035,,2019
716,,,,,,,,,,,0.166,,2019
717,,,,,,,,,,,0.498,,2019
718,,,,,,,,,,,0.058,,2019
719,,,,,,,,,,,0.147,,2019
720,,,,,,,,,,,0.37,,2019
721,,,,,,,,,,,0.187,,2019
722,,,,,,,,,,,0.081,,2019
723,,,,,,,,,,,0.245,,2019
724,,,,,,,,,,,0.154,,2019
725,,,,,,,,,,,0.285,,2019
726,,,,,,,,,,,0.11,,2019
727,,,,,,,,,,,0.175,,2019
728,,,,,,,,,,,0.105,,2019
729,,,,,,,,,,,0.043,,2019
730,,,,,,,,,,,0.266,,2019
731,,,,,,,,,,,0.13,,2019
732,,,,,,,,,,,0.178,,2019
733,,,,,,,,,,,0.064,,2019
734,,,,,,,,,,,0.232,,2019
735,,,,,,,,,,,0.103,,2019
736,,,,,,,,,,,0.153,,2019
737,,,,,,,,,,,0.243,,2019
738,,,,,,,,,,,0.07,,2019
739,,,,,,,,,,,0.188,,2019
740,,,,,,,,,,,0.177,,2019
741,,,,,,,,,,,0.095,,2019
742,,,,,,,,,,,0.27,,2019
743,,,,,,,,,,,0.207,,2019
744,,,,,,,,,,,0.043,,2019
745,,,,,,,,,,,0.269,,2019
746,,,,,,,,,,,0.372,,2019
747,,,,,,,,,,,0.106,,2019
748,,,,,,,,,,,0.197,,2019
749,,,,,,,,,,,0.059,,2019
750,,,,,,,,,,,0.166,,2019
751,,,,,,,,,,,0.148,,2019
752,,,,,,,,,,,0.212,,2019
753,,,,,,,,,,,0.153,,2019
754,,,,,,,,,,,0.252,,2019
755,,,,,,,,,,,0.244,,2019
756,,,,,,,,,,,0.566,,2019
757,,,,,,,,,,,0.198,,2019
758,,,,,,,,,,,0.187,,2019
759,,,,,,,,,,,0.209,,2019
760,,,,,,,,,,,0.074,,2019
761,,,,,,,,,,,0.252,,2019
762,,,,,,,,,,,0.076,,2019
763,,,,,,,,,,,0.247,,2019
764,,,,,,,,,,,0.177,,2019
765,,,,,,,,,,,0.2,,2019
766,,,,,,,,,,,0.233,,2019
767,,,,,,,,,,,0.275,,2019
768,,,,,,,,,,,0.169,,2019
769,,,,,,,,,,,0.107,,2019
770,,,,,,,,,,,0.176,,2019
771,,,,,,,,,,,0.151,,2019
772,,,,,,,,,,,0.419,,2019
773,,,,,,,,,,,0.025,,2019
774,,,,,,,,,,,0.331,,2019
775,,,,,,,,,,,0.218,,2019
776,,,,,,,,,,,0.108,,2019
777,,,,,,,,,,,0.217,,2019
778,,,,,,,,,,,0.276,,2019
779,,,,,,,,,,,0.158,,2019
780,,,,,,,,,,,0.235,,2019
781,,,,,,,,,,,0.202,,2019
782,,,,,,,,,,,-0.059482019,,2020
783,,,,,,,,,,,0.066201776,,2020
784,,,,,,,,,,,0.105911039,,2020
785,,,,,,,,,,,0.246944219,,2020
786,,,,,,,,,,,0.13453263,,2020
787,,,,,,,,,,,0.20761244,,2020
788,,,,,,,,,,,0.111614622,,2020
789,,,,,,,,,,,0.191598073,,2020
790,,,,,,,,,,,0.085429221,,2020
791,,,,,,,,,,,-0.004620588,,2020
792,,,,,,,,,,,0.124770768,,2020
793,,,,,,,,,,,0.19046016,,2020
794,,,,,,,,,,,0.263732493,,2020
795,,,,,,,,,,,0.10259372,,2020
796,,,,,,,,,,,-0.10242971,,2020
797,,,,,,,,,,,0.145784974,,2020
798,,,,,,,,,,,0.080179386,,2020
799,,,,,,,,,,,0.149891734,,2020
800,,,,,,,,,,,-0.230861515,,2020
801,,,,,,,,,,,-0.078691199,,2020
802,,,,,,,,,,,0.123450845,,2020
803,,,,,,,,,,,0.214965805,,2020
804,,,,,,,,,,,-0.130641967,,2020
805,,,,,,,,,,,-0.175266623,,2020
806,,,,,,,,,,,-0.073198698,,2020
807,,,,,,,,,,,-0.101103112,,2020
808,,,,,,,,,,,-0.168695062,,2020
809,,,,,,,,,,,-0.050961714,,2020
810,,,,,,,,,,,-0.042938665,,2020
811,,,,,,,,,,,-0.043460999,,2020
812,,,,,,,,,,,0.029879224,,2020
813,,,,,,,,,,,-0.101812392,,2020
814,,,,,,,,,,,-0.080603383,,2020
815,,,,,,,,,,,-0.121072978,,2020
816,,,,,,,,,,,0.190933764,,2020
817,,,,,,,,,,,-0.153927714,,2020
818,,,,,,,,,,,-0.124409303,,2020
819,,,,,,,,,,,0.248427153,,2020
820,,,,,,,,,,,-0.065668367,,2020
821,,,,,,,,,,,0.13372919,,2020
822,,,,,,,,,,,-0.219725296,,2020
823,,,,,,,,,,,0.000526841,,2020
824,,,,,,,,,,,-0.205084071,,2020
825,,,,,,,,,,,-0.161235645,,2020
826,,,,,,,,,,,0.043731496,,2020
827,,,,,,,,,,,0.020959141,,2020
828,,,,,,,,,,,-0.19781521,,2020
829,,,,,,,,,,,-0.100184701,,2020
830,,,,,,,,,,,-0.018318573,,2020
831,,,,,,,,,,,-0.068488635,,2020
832,,,,,,,,,,,-0.111697771,,2020
833,,,,,,,,,,,-0.105463006,,2020
834,,,,,,,,,,,-0.194323018,,2020
835,,,,,,,,,,,0.268685192,,2020
836,,,,,,,,,,,-0.194913864,,2020
837,,,,,,,,,,,0.086969115,,2020
838,,,,,,,,,,,-0.186888844,,2020
839,,,,,,,,,,,-0.127014965,,2020
840,,,,,,,,,,,-0.220714301,,2020
841,,,,,,,,,,,-0.125106767,,2020
842,,,,,,,,,,,-0.043404032,,2020
843,,,,,,,,,,,-0.246910349,,2020
844,,,,,,,,,,,-0.16238822,,2020
845,,,,,,,,,,,-0.073676221,,2020
846,,,,,,,,,,,-0.09168113,,2020
847,,,,,,,,,,,0.04489987,,2020
848,,,,,,,,,,,0.007997713,,2020
849,,,,,,,,,,,-0.131263286,,2020
850,,,,,,,,,,,0.098274559,,2020
851,,,,,,,,,,,-0.037741039,,2020
852,,,,,,,,,,,-0.025088511,,2020
853,,,,,,,,,,,-0.075600356,,2020
854,,,,,,,,,,,-0.151153743,,2020
855,,,,,,,,,,,0.154772058,,2020
856,,,,,,,,,,,-0.164926544,,2020
857,,,,,,,,,,,0.000227159,,2020
858,,,,,,,,,,,-0.300907373,,2020
859,,,,,,,,,,,0.134979904,,2020
860,,,,,,,,,,,-0.128538325,,2020
861,,,,,,,,,,,-0.085054487,,2020
862,,,,,,,,,,,0.098093867,,2020
863,,,,,,,,,,,0.114726797,,2020
864,,,,,,,,,,,-0.094533332,,2020
865,,,,,,,,,,,0.519586504,,2020
866,,,,,,,,,,,-0.043991156,,2020
867,,,,,,,,,,,-0.003537213,,2020
868,,,,,,,,,,,0.038085498,,2020
869,,,,,,,,,,,-0.123674095,,2020
870,,,,,,,,,,,-0.240255281,,2020
871,,,,,,,,,,,-0.019877451,,2020
872,,,,,,,,,,,0.094170853,,2020
873,,,,,,,,,,,0.154168829,,2020
874,,,,,,,,,,,-0.171046436,,2020
875,,,,,,,,,,,-0.18142575,,2020
876,,,,,,,,,,,0.187671542,,2020
877,,,,,,,,,,,-0.143908441,,2020
878,,,,,,,,,,,-0.240377247,,2020
879,,,,,,,,,,,-0.00149645,,2020
880,,,,,,,,,,,-0.169090509,,2020
881,,,,,,,,,,,-0.121105164,,2020
882,,,,,,,,,,,-0.052335154,,2020
883,,,,,,,,,,,0.076328471,,2020
884,,,,,,,,,,,0.013860817,,2020
885,,,,,,,,,,,0.11137148,,2020
886,,,,,,,,,,,-0.042309489,,2020
887,,,,,,,,,,,0.051911179,,2020
888,,,,,,,,,,,-0.033664726,,2020
889,,,,,,,,,,,-0.222261623,,2020
890,,,,,,,,,,,-0.109777324,,2020
891,,,,,,,,,,,-0.06956476,,2020
892,,,,,,,,,,,-0.06121527,,2020
893,,,,,,,,,,,-0.019080516,,2020
894,,,,,,,,,,,0.343198717,,2020
895,,,,,,,,,,,-0.044366926,,2020
896,,,,,,,,,,,0.033745807,,2020
897,,,,,,,,,,,-0.13877961,,2020
898,,,,,,,,,,,-0.22892037,,2020
899,,,,,,,,,,,0.117891103,,2020
900,,,,,,,,,,,-0.162565202,,2020
901,,,,,,,,,,,0.032375868,,2020
902,,,,,,,,,,,0.294681519,,2020
903,,,,,,,,,,,-0.18530646,,2020
904,,,,,,,,,,,-0.030933706,,2020
905,,,,,,,,,,,0.04227322,,2020
906,,,,,,,,,,,-0.162079096,,2020
907,,,,,,,,,,,0.099487431,,2020
908,,,,,,,,,,,0.017834719,,2020
909,,,,,,,,,,,-0.216413811,,2020
910,,,,,,,,,,,-0.106008142,,2020
911,,,,,,,,,,,0.081129618,,2020
912,,,,,,,,,,,0.083637655,,2020
913,,,,,,,,,,,-0.19920142,,2020
914,,,,,,,,,,,0.560663998,,2020
915,,,,,,,,,,,0.090008408,,2020
916,,,,,,,,,,,0.002667875,,2020
917,,,,,,,,,,,0.043377332,,2020
918,,,,,,,,,,,-0.011823639,,2020
919,,,,,,,,,,,-0.196878314,,2020
920,,,,,,,,,,,0.088660747,,2020
921,,,,,,,,,,,-0.017551597,,2020
922,,,,,,,,,,,0.078037128,,2020
923,,,,,,,,,,,0.40053457,,2020
924,,,,,,,,,,,-0.145732045,,2020
925,,,,,,,,,,,0.057551607,,2020
926,,,,,,,,,,,0.021433279,,2020
927,,,,,,,,,,,-0.157735437,,2020
928,,,,,,,,,,,-0.250394493,,2020
929,,,,,,,,,,,0.109668687,,2020
930,,,,,,,,,,,0.082410358,,2020
931,,,,,,,,,,,0.055483952,,2020
932,,,,,,,,,,,-0.072063953,,2020
933,,,,,,,,,,,0.016518548,,2020
934,,,,,,,,,,,-0.0964294,,2020
935,,,,,,,,,,,-0.098,,2021
936,,,,,,,,,,,0.03,,2021
937,,,,,,,,,,,0.025,,2021
938,,,,,,,,,,,0.16,,2021
939,,,,,,,,,,,0.175,,2021
940,,,,,,,,,,,0.093,,2021
941,,,,,,,,,,,0.086,,2021
942,,,,,,,,,,,-0.034,,2021
943,,,,,,,,,,,0.134,,2021
944,,,,,,,,,,,0.042,,2021
945,,,,,,,,,,,0.159,,2021
946,,,,,,,,,,,0.031,,2021
947,,,,,,,,,,,0.011,,2021
948,,,,,,,,,,,0.089,,2021
949,,,,,,,,,,,0.077,,2021
950,,,,,,,,,,,-0.126,,2021
951,,,,,,,,,,,0.233,,2021
952,,,,,,,,,,,-0.208,,2021
953,,,,,,,,,,,0.098,,2021
954,,,,,,,,,,,-0.153,,2021
955,,,,,,,,,,,-0.147,,2021
956,,,,,,,,,,,0.089,,2021
957,,,,,,,,,,,0.133,,2021
958,,,,,,,,,,,-0.07,,2021
959,,,,,,,,,,,0.074,,2021
960,,,,,,,,,,,-0.149,,2021
961,,,,,,,,,,,-0.081,,2021
962,,,,,,,,,,,-0.084,,2021
963,,,,,,,,,,,-0.101,,2021
964,,,,,,,,,,,-0.038,,2021
965,,,,,,,,,,,-0.092,,2021
966,,,,,,,,,,,-0.018,,2021
967,,,,,,,,,,,0.257,,2021
968,,,,,,,,,,,-0.124,,2021
969,,,,,,,,,,,-0.071,,2021
970,,,,,,,,,,,-0.147,,2021
971,,,,,,,,,,,-0.137,,2021
972,,,,,,,,,,,-0.203,,2021
973,,,,,,,,,,,-0.015,,2021
974,,,,,,,,,,,-0.106,,2021
975,,,,,,,,,,,-0.166,,2021
976,,,,,,,,,,,0.311,,2021
977,,,,,,,,,,,-0.044,,2021
978,,,,,,,,,,,-0.165,,2021
979,,,,,,,,,,,-0.069,,2021
980,,,,,,,,,,,-0.219,,2021
981,,,,,,,,,,,-0.104,,2021
982,,,,,,,,,,,0.002,,2021
983,,,,,,,,,,,-0.11,,2021
984,,,,,,,,,,,-0.054,,2021
985,,,,,,,,,,,-0.162,,2021
986,,,,,,,,,,,-0.135,,2021
987,,,,,,,,,,,-0.186,,2021
988,,,,,,,,,,,0.287,,2021
989,,,,,,,,,,,0.02,,2021
990,,,,,,,,,,,-0.258,,2021
991,,,,,,,,,,,-0.182,,2021
992,,,,,,,,,,,-0.244,,2021
993,,,,,,,,,,,0.081,,2021
994,,,,,,,,,,,-0.118,,2021
995,,,,,,,,,,,-0.097,,2021
996,,,,,,,,,,,-0.083,,2021
997,,,,,,,,,,,-0.154,,2021
998,,,,,,,,,,,0.113,,2021
999,,,,,,,,,,,-0.079,,2021
1000,,,,,,,,,,,-0.124,,2021
1001,,,,,,,,,,,0.119,,2021
1002,,,,,,,,,,,-0.288,,2021
1003,,,,,,,,,,,-0.077,,2021
1004,,,,,,,,,,,0.116,,2021
1005,,,,,,,,,,,0.028,,2021
1006,,,,,,,,,,,-0.034,,2021
1007,,,,,,,,,,,-0.133,,2021
1008,,,,,,,,,,,0.012,,2021
1009,,,,,,,,,,,-0.18,,2021
1010,,,,,,,,,,,-0.111,,2021
1011,,,,,,,,,,,0.067,,2021
1012,,,,,,,,,,,-0.056,,2021
1013,,,,,,,,,,,-0.098,,2021
1014,,,,,,,,,,,-0.087,,2021
1015,,,,,,,,,,,0.125,,2021
1016,,,,,,,,,,,0.542,,2021
1017,,,,,,,,,,,-0.068,,2021
1018,,,,,,,,,,,-0.146,,2021
1019,,,,,,,,,,,-0.016,,2021
1020,,,,,,,,,,,-0.168,,2021
1021,,,,,,,,,,,0.152,,2021
1022,,,,,,,,,,,-0.096,,2021
1023,,,,,,,,,,,0.024,,2021
1024,,,,,,,,,,,-0.223,,2021
1025,,,,,,,,,,,0.026,,2021
1026,,,,,,,,,,,-0.046,,2021
1027,,,,,,,,,,,-0.03,,2021
1028,,,,,,,,,,,0.038,,2021
1029,,,,,,,,,,,0.123,,2021
1030,,,,,,,,,,,0.018,,2021
1031,,,,,,,,,,,0.273,,2021
1032,,,,,,,,,,,0.424,,2021
1033,,,,,,,,,,,-0.034,,2021
1034,,,,,,,,,,,0.123,,2021
1035,,,,,,,,,,,-0.041,,2021
1036,,,,,,,,,,,0.095,,2021
1037,,,,,,,,,,,-0.067,,2021
1038,,,,,,,,,,,-0.139,,2021
1039,,,,,,,,,,,0.098,,2021
1040,,,,,,,,,,,-0.236,,2021
1041,,,,,,,,,,,-0.169,,2021
1042,,,,,,,,,,,-0.238,,2021
1043,,,,,,,,,,,-0.067,,2021
1044,,,,,,,,,,,-0.011,,2021
1045,,,,,,,,,,,-0.053,,2021
1046,,,,,,,,,,,-0.2,,2021
1047,,,,,,,,,,,-0.009,,2021
1048,,,,,,,,,,,0.034,,2021
1049,,,,,,,,,,,0.061,,2021
1050,,,,,,,,,,,0.037,,2021
1051,,,,,,,,,,,-0.036,,2021
1052,,,,,,,,,,,0.218,,2021
1053,,,,,,,,,,,0.122,,2021
1054,,,,,,,,,,,0.05,,2021
1055,,,,,,,,,,,0.287,,2021
1056,,,,,,,,,,,-0.201,,2021
1057,,,,,,,,,,,-0.073,,2021
1058,,,,,,,,,,,-0.149,,2021
1059,,,,,,,,,,,-0.163,,2021
1060,,,,,,,,,,,0.509,,2021
1061,,,,,,,,,,,-0.167,,2021
1062,,,,,,,,,,,0.041,,2021
1063,,,,,,,,,,,0.079,,2021
1064,,,,,,,,,,,-0.185,,2021
1065,,,,,,,,,,,0.082,,2021
1066,,,,,,,,,,,-0.182,,2021
1067,,,,,,,,,,,0.082,,2021
1068,,,,,,,,,,,-0.106,,2021
1069,,,,,,,,,,,-0.005,,2021
1070,,,,,,,,,,,0.032,,2021
1071,,,,,,,,,,,0.061,,2021
1072,,,,,,,,,,,0.084,,2021
1073,,,,,,,,,,,0.089,,2021
1074,,,,,,,,,,,-0.024,,2021
1075,,,,,,,,,,,-0.147,,2021
1076,,,,,,,,,,,0.183,,2021
1077,,,,,,,,,,,0.422,,2021
1078,,,,,,,,,,,0.038,,2021
1079,,,,,,,,,,,-0.131,,2021
1080,,,,,,,,,,,-0.246,,2021
1081,,,,,,,,,,,0.061,,2021
1082,,,,,,,,,,,-0.047,,2021
1083,,,,,,,,,,,-0.102,,2021
1084,Finland,,,,,,,,,,,,2022
1085,Denmark,,,,,,,,,,,,2022
1086,Iceland,,,,,,,,,,,,2022
1087,Switzerland,,,,,,,,,,,,2022
1088,Netherlands,,,,,,,,,,,,2022
1089,Luxembourg*,,,,,,,,,,,,2022
1090,Sweden,,,,,,,,,,,,2022
1091,Norway,,,,,,,,,,,,2022
1092,Israel,,,,,,,,,,,,2022
1093,New Zealand,,,,,,,,,,,,2022
1094,Austria,,,,,,,,,,,,2022
1095,Australia,,,,,,,,,,,,2022
1096,Ireland,,,,,,,,,,,,2022
1097,Germany,,,,,,,,,,,,2022
1098,Canada,,,,,,,,,,,,2022
1099,United States,,,,,,,,,,,,2022
1100,United Kingdom,,,,,,,,,,,,2022
1101,Czechia,,,,,,,,,,,,2022
1102,Belgium,,,,,,,,,,,,2022
1103,France,,,,,,,,,,,,2022
1104,Bahrain,,,,,,,,,,,,2022
1105,Slovenia,,,,,,,,,,,,2022
1106,Costa Rica,,,,,,,,,,,,2022
1107,United Arab Emirates,,,,,,,,,,,,2022
1108,Saudi Arabia,,,,,,,,,,,,2022
1109,Taiwan Province of China,,,,,,,,,,,,2022
1110,Singapore,,,,,,,,,,,,2022
1111,Romania,,,,,,,,,,,,2022
1112,Spain,,,,,,,,,,,,2022
1113,Uruguay,,,,,,,,,,,,2022
1114,Italy,,,,,,,,,,,,2022
1115,Kosovo,,,,,,,,,,,,2022
1116,Malta,,,,,,,,,,,,2022
1117,Lithuania,,,,,,,,,,,,2022
1118,Slovakia,,,,,,,,,,,,2022
1119,Estonia,,,,,,,,,,,,2022
1120,Panama,,,,,,,,,,,,2022
1121,Brazil,,,,,,,,,,,,2022
1122,Guatemala*,,,,,,,,,,,,2022
1123,Kazakhstan,,,,,,,,,,,,2022
1124,Cyprus,,,,,,,,,,,,2022
1125,Latvia,,,,,,,,,,,,2022
1126,Serbia,,,,,,,,,,,,2022
1127,Chile,,,,,,,,,,,,2022
1128,Nicaragua,,,,,,,,,,,,2022
1129,Mexico,,,,,,,,,,,,2022
1130,Croatia,,,,,,,,,,,,2022
1131,Poland,,,,,,,,,,,,2022
1132,El Salvador,,,,,,,,,,,,2022
1133,Kuwait*,,,,,,,,,,,,2022
1134,Hungary,,,,,,,,,,,,2022
1135,Mauritius,,,,,,,,,,,,2022
1136,Uzbekistan,,,,,,,,,,,,2022
1137,Japan,,,,,,,,,,,,2022
1138,Honduras,,,,,,,,,,,,2022
1139,Portugal,,,,,,,,,,,,2022
1140,Argentina,,,,,,,,,,,,2022
1141,Greece,,,,,,,,,,,,2022
1142,South Korea,,,,,,,,,,,,2022
1143,Philippines,,,,,,,,,,,,2022
1144,Thailand,,,,,,,,,,,,2022
1145,Moldova,,,,,,,,,,,,2022
1146,Jamaica,,,,,,,,,,,,2022
1147,Kyrgyzstan,,,,,,,,,,,,2022
1148,Belarus*,,,,,,,,,,,,2022
1149,Colombia,,,,,,,,,,,,2022
1150,Bosnia and Herzegovina,,,,,,,,,,,,2022
1151,Mongolia,,,,,,,,,,,,2022
1152,Dominican Republic,,,,,,,,,,,,2022
1153,Malaysia,,,,,,,,,,,,2022
1154,Bolivia,,,,,,,,,,,,2022
1155,China,,,,,,,,,,,,2022
1156,Paraguay,,,,,,,,,,,,2022
1157,Peru,,,,,,,,,,,,2022
1158,Montenegro,,,,,,,,,,,,2022
1159,Ecuador,,,,,,,,,,,,2022
1160,Vietnam,,,,,,,,,,,,2022
1161,Turkmenistan*,,,,,,,,,,,,2022
1162,North Cyprus*,,,,,,,,,,,,2022
1163,Russia,,,,,,,,,,,,2022
1164,Hong Kong S.A.R. of China,,,,,,,,,,,,2022
1165,Armenia,,,,,,,,,,,,2022
1166,Tajikistan,,,,,,,,,,,,2022
1167,Nepal,,,,,,,,,,,,2022
1168,Bulgaria,,,,,,,,,,,,2022
1169,Libya*,,,,,,,,,,,,2022
1170,Indonesia,,,,,,,,,,,,2022
1171,Ivory Coast,,,,,,,,,,,,2022
1172,North Macedonia,,,,,,,,,,,,2022
1173,Albania,,,,,,,,,,,,2022
1174,South Africa,,,,,,,,,,,,2022
1175,Azerbaijan*,,,,,,,,,,,,2022
1176,Gambia*,,,,,,,,,,,,2022
1177,Bangladesh,,,,,,,,,,,,2022
1178,Laos,,,,,,,,,,,,2022
1179,Algeria,,,,,,,,,,,,2022
1180,Liberia*,,,,,,,,,,,,2022
1181,Ukraine,,,,,,,,,,,,2022
1182,Congo,,,,,,,,,,,,2022
1183,Morocco,,,,,,,,,,,,2022
1184,Mozambique,,,,,,,,,,,,2022
1185,Cameroon,,,,,,,,,,,,2022
1186,Senegal,,,,,,,,,,,,2022
1187,Niger*,,,,,,,,,,,,2022
1188,Georgia,,,,,,,,,,,,2022
1189,Gabon,,,,,,,,,,,,2022
1190,Iraq,,,,,,,,,,,,2022
1191,Venezuela,,,,,,,,,,,,2022
1192,Guinea,,,,,,,,,,,,2022
1193,Iran,,,,,,,,,,,,2022
1194,Ghana,,,,,,,,,,,,2022
1195,Turkey,,,,,,,,,,,,2022
1196,Burkina Faso,,,,,,,,,,,,2022
1197,Cambodia,,,,,,,,,,,,2022
1198,Benin,,,,,,,,,,,,2022
1199,Comoros*,,,,,,,,,,,,2022
1200,Uganda,,,,,,,,,,,,2022
1201,Nigeria,,,,,,,,,,,,2022
1202,Kenya,,,,,,,,,,,,2022
1203,Tunisia,,,,,,,,,,,,2022
1204,Pakistan,,,,,,,,,,,,2022
1205,Palestinian Territories*,,,,,,,,,,,,2022
1206,Mali,,,,,,,,,,,,2022
1207,Namibia,,,,,,,,,,,,2022
1208,"Eswatini, Kingdom of*",,,,,,,,,,,,2022
1209,Myanmar,,,,,,,,,,,,2022
1210,Sri Lanka,,,,,,,,,,,,2022
1211,Madagascar*,,,,,,,,,,,,2022
1212,Egypt,,,,,,,,,,,,2022
1213,Chad*,,,,,,,,,,,,2022
1214,Ethiopia,,,,,,,,,,,,2022
1215,Yemen*,,,,,,,,,,,,2022
1216,Mauritania*,,,,,,,,,,,,2022
1217,Jordan,,,,,,,,,,,,2022
1218,Togo,,,,,,,,,,,,2022
1219,India,,,,,,,,,,,,2022
1220,Zambia,,,,,,,,,,,,2022
1221,Malawi,,,,,,,,,,,,2022
1222,Tanzania,,,,,,,,,,,,2022
1223,Sierra Leone,,,,,,,,,,,,2022
1224,Lesotho*,,,,,,,,,,,,2022
1225,Botswana*,,,,,,,,,,,,2022
1226,Rwanda*,,,,,,,,,,,,2022
1227,Zimbabwe,,,,,,,,,,,,2022
1228,Lebanon,,,,,,,,,,,,2022
1229,Afghanistan,,,,,,,,,,,,2022
1230,xx,,,,,,,,,,,,2022
